Algo,M,N,K,TileRows,TileColumns,dRow,dCol,TotalNodes,TotalGPUs,DecompositionTime,ExecutionTime,GatherTime,GFlops,DataLocation
SLATE,4096,4096,4096,1024,1024,2,2,1,4,0.863469,0.628077,0.098616,218.824857,devices
SLATE,4096,4096,4096,1024,1024,2,2,1,4,0.863469,0.061296,0.035990,2242.227609,devices
SLATE,4096,4096,4096,1024,1024,2,2,1,4,0.863469,0.071044,0.036411,1934.574640,devices
SLATE,4096,4096,4096,1024,1024,2,2,1,4,0.863469,0.068045,0.036317,2019.833396,devices
SLATE,4096,4096,4096,1024,1024,2,2,1,4,0.863469,0.067135,0.036537,2047.213864,devices
SLATE,4096,4096,4096,1024,1024,2,2,1,4,0.863469,0.067664,0.036414,2031.189601,devices
SLATE,4096,4096,4096,1024,1024,2,2,1,4,0.863469,0.066600,0.036567,2063.649747,devices
SLATE,4096,4096,4096,1024,1024,2,2,1,4,0.863469,0.066596,0.036390,2063.781135,devices
SLATE,4096,4096,4096,1024,1024,2,2,1,4,0.863469,0.067067,0.036554,2049.276124,devices
SLATE,4096,4096,4096,1024,1024,2,2,1,4,0.863469,0.067739,0.036418,2028.952047,devices
SLATE,5120,5120,5120,1024,1024,2,2,1,4,0.783064,0.250572,0.079533,1071.291993,devices
SLATE,5120,5120,5120,1024,1024,2,2,1,4,0.783064,0.101217,0.055282,2652.075932,devices
SLATE,5120,5120,5120,1024,1024,2,2,1,4,0.783064,0.096495,0.055374,2781.846340,devices
SLATE,5120,5120,5120,1024,1024,2,2,1,4,0.783064,0.096649,0.055432,2777.420103,devices
SLATE,5120,5120,5120,1024,1024,2,2,1,4,0.783064,0.094626,0.055762,2836.803501,devices
SLATE,5120,5120,5120,1024,1024,2,2,1,4,0.783064,0.093596,0.055764,2868.034809,devices
SLATE,5120,5120,5120,1024,1024,2,2,1,4,0.783064,0.093976,0.055621,2856.424212,devices
SLATE,5120,5120,5120,1024,1024,2,2,1,4,0.783064,0.093655,0.055605,2866.228327,devices
SLATE,5120,5120,5120,1024,1024,2,2,1,4,0.783064,0.093918,0.055695,2858.180921,devices
SLATE,5120,5120,5120,1024,1024,2,2,1,4,0.783064,0.093550,0.055734,2869.446300,devices
SLATE,6144,6144,6144,1024,1024,2,2,1,4,0.747233,0.210149,0.119484,2207.278516,devices
SLATE,6144,6144,6144,1024,1024,2,2,1,4,0.747233,0.165322,0.081248,2805.780899,devices
SLATE,6144,6144,6144,1024,1024,2,2,1,4,0.747233,0.183077,0.081470,2533.663653,devices
SLATE,6144,6144,6144,1024,1024,2,2,1,4,0.747233,0.185641,0.081700,2498.679185,devices
SLATE,6144,6144,6144,1024,1024,2,2,1,4,0.747233,0.182596,0.081902,2540.344753,devices
SLATE,6144,6144,6144,1024,1024,2,2,1,4,0.747233,0.184343,0.081903,2516.274418,devices
SLATE,6144,6144,6144,1024,1024,2,2,1,4,0.747233,0.181538,0.081942,2555.143300,devices
SLATE,6144,6144,6144,1024,1024,2,2,1,4,0.747233,0.181585,0.082083,2554.479824,devices
SLATE,6144,6144,6144,1024,1024,2,2,1,4,0.747233,0.182469,0.082009,2542.108816,devices
SLATE,6144,6144,6144,1024,1024,2,2,1,4,0.747233,0.182813,0.081895,2537.327808,devices
SLATE,7168,7168,7168,1024,1024,2,2,1,4,0.834127,0.407852,0.157050,1806.014327,devices
SLATE,7168,7168,7168,1024,1024,2,2,1,4,0.834127,0.231296,0.108670,3184.601226,devices
SLATE,7168,7168,7168,1024,1024,2,2,1,4,0.834127,0.253580,0.109065,2904.754799,devices
SLATE,7168,7168,7168,1024,1024,2,2,1,4,0.834127,0.250810,0.109047,2936.829629,devices
SLATE,7168,7168,7168,1024,1024,2,2,1,4,0.834127,0.252442,0.109417,2917.842023,devices
SLATE,7168,7168,7168,1024,1024,2,2,1,4,0.834127,0.251434,0.109174,2929.540044,devices
SLATE,7168,7168,7168,1024,1024,2,2,1,4,0.834127,0.251836,0.109404,2924.868896,devices
SLATE,7168,7168,7168,1024,1024,2,2,1,4,0.834127,0.251709,0.109073,2926.342898,devices
SLATE,7168,7168,7168,1024,1024,2,2,1,4,0.834127,0.254974,0.109055,2888.865735,devices
SLATE,7168,7168,7168,1024,1024,2,2,1,4,0.834127,0.255537,0.109245,2882.508511,devices
SLATE,8192,8192,8192,1024,1024,2,2,1,4,0.805752,0.355982,0.210030,3088.676081,devices
SLATE,8192,8192,8192,1024,1024,2,2,1,4,0.805752,0.270711,0.144678,4061.571231,devices
SLATE,8192,8192,8192,1024,1024,2,2,1,4,0.805752,0.307167,0.145139,3579.525669,devices
SLATE,8192,8192,8192,1024,1024,2,2,1,4,0.805752,0.301488,0.155158,3646.949452,devices
SLATE,8192,8192,8192,1024,1024,2,2,1,4,0.805752,0.297051,0.145568,3701.427642,devices
SLATE,8192,8192,8192,1024,1024,2,2,1,4,0.805752,0.301365,0.145902,3648.437699,devices
SLATE,8192,8192,8192,1024,1024,2,2,1,4,0.805752,0.307797,0.145865,3572.200681,devices
SLATE,8192,8192,8192,1024,1024,2,2,1,4,0.805752,0.306625,0.146312,3585.851820,devices
SLATE,8192,8192,8192,1024,1024,2,2,1,4,0.805752,0.298814,0.146330,3679.588662,devices
SLATE,8192,8192,8192,1024,1024,2,2,1,4,0.805752,0.301545,0.145414,3646.257664,devices
SLATE,4096,4096,4096,1024,1024,2,2,1,4,0.071774,0.656131,0.074991,209.468689,devices
SLATE,4096,4096,4096,1024,1024,2,2,1,4,0.071774,0.108192,0.036497,1270.320110,devices
SLATE,4096,4096,4096,1024,1024,2,2,1,4,0.071774,0.071020,0.036119,1935.220091,devices
SLATE,4096,4096,4096,1024,1024,2,2,1,4,0.071774,0.068461,0.036645,2007.543118,devices
SLATE,4096,4096,4096,1024,1024,2,2,1,4,0.071774,0.068367,0.036317,2010.304843,devices
SLATE,4096,4096,4096,1024,1024,2,2,1,4,0.071774,0.062693,0.036385,2192.237212,devices
SLATE,4096,4096,4096,1024,1024,2,2,1,4,0.071774,0.068041,0.036304,2019.934327,devices
SLATE,4096,4096,4096,1024,1024,2,2,1,4,0.071774,0.069956,0.036423,1964.644920,devices
SLATE,4096,4096,4096,1024,1024,2,2,1,4,0.071774,0.069226,0.036374,1985.356777,devices
SLATE,4096,4096,4096,1024,1024,2,2,1,4,0.071774,0.069337,0.036714,1982.174478,devices
SLATE,5120,5120,5120,1024,1024,2,2,1,4,0.183151,0.306052,0.083510,877.091242,devices
SLATE,5120,5120,5120,1024,1024,2,2,1,4,0.183151,0.113813,0.055107,2358.570624,devices
SLATE,5120,5120,5120,1024,1024,2,2,1,4,0.183151,0.119102,0.055317,2253.830931,devices
SLATE,5120,5120,5120,1024,1024,2,2,1,4,0.183151,0.110397,0.055529,2431.556346,devices
SLATE,5120,5120,5120,1024,1024,2,2,1,4,0.183151,0.109216,0.055528,2457.850308,devices
SLATE,5120,5120,5120,1024,1024,2,2,1,4,0.183151,0.107049,0.055648,2507.584849,devices
SLATE,5120,5120,5120,1024,1024,2,2,1,4,0.183151,0.106868,0.055489,2511.845060,devices
SLATE,5120,5120,5120,1024,1024,2,2,1,4,0.183151,0.108064,0.055512,2484.044307,devices
SLATE,5120,5120,5120,1024,1024,2,2,1,4,0.183151,0.109517,0.055413,2451.081573,devices
SLATE,5120,5120,5120,1024,1024,2,2,1,4,0.183151,0.108102,0.055418,2483.160756,devices
SLATE,6144,6144,6144,1024,1024,2,2,1,4,0.033917,0.244999,0.119026,1893.301536,devices
SLATE,6144,6144,6144,1024,1024,2,2,1,4,0.033917,0.154035,0.082569,3011.364739,devices
SLATE,6144,6144,6144,1024,1024,2,2,1,4,0.033917,0.157960,0.081840,2936.545123,devices
SLATE,6144,6144,6144,1024,1024,2,2,1,4,0.033917,0.150053,0.082114,3091.288196,devices
SLATE,6144,6144,6144,1024,1024,2,2,1,4,0.033917,0.145675,0.082194,3184.193938,devices
SLATE,6144,6144,6144,1024,1024,2,2,1,4,0.033917,0.145146,0.082389,3195.795837,devices
SLATE,6144,6144,6144,1024,1024,2,2,1,4,0.033917,0.137129,0.082081,3382.629198,devices
SLATE,6144,6144,6144,1024,1024,2,2,1,4,0.033917,0.143328,0.082323,3236.333125,devices
SLATE,6144,6144,6144,1024,1024,2,2,1,4,0.033917,0.142906,0.082441,3245.885524,devices
SLATE,6144,6144,6144,1024,1024,2,2,1,4,0.033917,0.139001,0.082298,3337.073508,devices
SLATE,7168,7168,7168,1024,1024,2,2,1,4,0.068716,0.409291,0.160140,1799.664196,devices
SLATE,7168,7168,7168,1024,1024,2,2,1,4,0.068716,0.221605,0.110035,3323.866109,devices
SLATE,7168,7168,7168,1024,1024,2,2,1,4,0.068716,0.214652,0.109964,3431.536586,devices
SLATE,7168,7168,7168,1024,1024,2,2,1,4,0.068716,0.211438,0.110766,3483.704250,devices
SLATE,7168,7168,7168,1024,1024,2,2,1,4,0.068716,0.211724,0.109659,3478.994757,devices
SLATE,7168,7168,7168,1024,1024,2,2,1,4,0.068716,0.201809,0.110334,3649.913289,devices
SLATE,7168,7168,7168,1024,1024,2,2,1,4,0.068716,0.203590,0.109935,3617.987030,devices
SLATE,7168,7168,7168,1024,1024,2,2,1,4,0.068716,0.199072,0.109777,3700.098362,devices
SLATE,7168,7168,7168,1024,1024,2,2,1,4,0.068716,0.197691,0.109914,3725.945504,devices
SLATE,7168,7168,7168,1024,1024,2,2,1,4,0.068716,0.203894,0.109885,3612.603692,devices
SLATE,8192,8192,8192,1024,1024,2,2,1,4,0.057638,0.456628,0.206453,2407.891646,devices
SLATE,8192,8192,8192,1024,1024,2,2,1,4,0.057638,0.262628,0.147571,4186.572215,devices
SLATE,8192,8192,8192,1024,1024,2,2,1,4,0.057638,0.263868,0.146224,4166.899022,devices
SLATE,8192,8192,8192,1024,1024,2,2,1,4,0.057638,0.251714,0.146488,4368.096813,devices
SLATE,8192,8192,8192,1024,1024,2,2,1,4,0.057638,0.253534,0.146847,4336.749044,devices
SLATE,8192,8192,8192,1024,1024,2,2,1,4,0.057638,0.253449,0.146213,4338.198358,devices
SLATE,8192,8192,8192,1024,1024,2,2,1,4,0.057638,0.253650,0.145992,4334.760448,devices
SLATE,8192,8192,8192,1024,1024,2,2,1,4,0.057638,0.255590,0.146949,4301.855171,devices
SLATE,8192,8192,8192,1024,1024,2,2,1,4,0.057638,0.256969,0.146702,4278.764367,devices
SLATE,8192,8192,8192,1024,1024,2,2,1,4,0.057638,0.256887,0.146184,4280.141188,devices
SLATE,9216,9216,9216,1024,1024,2,2,1,4,0.040535,0.549909,0.256859,2846.864656,devices
SLATE,9216,9216,9216,1024,1024,2,2,1,4,0.040535,0.357243,0.182909,4382.216579,devices
SLATE,9216,9216,9216,1024,1024,2,2,1,4,0.040535,0.355737,0.181698,4400.762966,devices
SLATE,9216,9216,9216,1024,1024,2,2,1,4,0.040535,0.343596,0.181925,4556.268202,devices
SLATE,9216,9216,9216,1024,1024,2,2,1,4,0.040535,0.337506,0.181961,4638.479112,devices
SLATE,9216,9216,9216,1024,1024,2,2,1,4,0.040535,0.335043,0.181606,4672.581195,devices
SLATE,9216,9216,9216,1024,1024,2,2,1,4,0.040535,0.334114,0.182684,4685.576393,devices
SLATE,9216,9216,9216,1024,1024,2,2,1,4,0.040535,0.330676,0.181960,4734.286954,devices
SLATE,9216,9216,9216,1024,1024,2,2,1,4,0.040535,0.332396,0.182503,4709.783627,devices
SLATE,9216,9216,9216,1024,1024,2,2,1,4,0.040535,0.332179,0.181950,4712.873570,devices
SLATE,10240,10240,10240,1024,1024,2,2,1,4,0.050527,0.684943,0.317431,3135.273429,devices
SLATE,10240,10240,10240,1024,1024,2,2,1,4,0.050527,0.416400,0.230264,5157.265911,devices
SLATE,10240,10240,10240,1024,1024,2,2,1,4,0.050527,0.413817,0.229101,5189.451305,devices
SLATE,10240,10240,10240,1024,1024,2,2,1,4,0.050527,0.403840,0.228454,5317.655703,devices
SLATE,10240,10240,10240,1024,1024,2,2,1,4,0.050527,0.392127,0.229168,5476.504989,devices
SLATE,10240,10240,10240,1024,1024,2,2,1,4,0.050527,0.390525,0.228831,5498.964480,devices
SLATE,10240,10240,10240,1024,1024,2,2,1,4,0.050527,0.399848,0.228201,5370.752127,devices
SLATE,10240,10240,10240,1024,1024,2,2,1,4,0.050527,0.391872,0.227907,5480.061979,devices
SLATE,10240,10240,10240,1024,1024,2,2,1,4,0.050527,0.396623,0.228274,5414.417456,devices
SLATE,10240,10240,10240,1024,1024,2,2,1,4,0.050527,0.393746,0.228968,5453.985926,devices
SLATE,11264,11264,11264,1024,1024,2,2,1,4,0.056762,0.859100,0.380007,3327.086792,devices
SLATE,11264,11264,11264,1024,1024,2,2,1,4,0.056762,0.537517,0.274166,5317.603910,devices
SLATE,11264,11264,11264,1024,1024,2,2,1,4,0.056762,0.518589,0.273989,5511.690913,devices
SLATE,11264,11264,11264,1024,1024,2,2,1,4,0.056762,0.514132,0.273929,5559.471406,devices
SLATE,11264,11264,11264,1024,1024,2,2,1,4,0.056762,0.491516,0.273831,5815.273579,devices
SLATE,11264,11264,11264,1024,1024,2,2,1,4,0.056762,0.501709,0.273027,5697.128322,devices
SLATE,11264,11264,11264,1024,1024,2,2,1,4,0.056762,0.485562,0.272763,5886.582049,devices
SLATE,11264,11264,11264,1024,1024,2,2,1,4,0.056762,0.501366,0.272821,5701.025903,devices
SLATE,11264,11264,11264,1024,1024,2,2,1,4,0.056762,0.497887,0.273568,5740.867878,devices
SLATE,11264,11264,11264,1024,1024,2,2,1,4,0.056762,0.498295,0.273391,5736.159895,devices
SLATE,12288,12288,12288,1024,1024,2,2,1,4,0.032871,0.963028,0.453261,3853.315063,devices
SLATE,12288,12288,12288,1024,1024,2,2,1,4,0.032871,0.608007,0.330374,6103.304712,devices
SLATE,12288,12288,12288,1024,1024,2,2,1,4,0.032871,0.596419,0.328936,6221.882780,devices
SLATE,12288,12288,12288,1024,1024,2,2,1,4,0.032871,0.578358,0.327922,6416.190113,devices
SLATE,12288,12288,12288,1024,1024,2,2,1,4,0.032871,0.582931,0.329054,6365.854387,devices
SLATE,12288,12288,12288,1024,1024,2,2,1,4,0.032871,0.589793,0.328440,6291.784817,devices
SLATE,12288,12288,12288,1024,1024,2,2,1,4,0.032871,0.586823,0.328541,6323.634797,devices
SLATE,12288,12288,12288,1024,1024,2,2,1,4,0.032871,0.580723,0.328822,6390.057971,devices
SLATE,12288,12288,12288,1024,1024,2,2,1,4,0.032871,0.581771,0.328986,6378.545997,devices
SLATE,12288,12288,12288,1024,1024,2,2,1,4,0.032871,0.721069,0.333284,5146.320870,devices
SLATE,13312,13312,13312,1024,1024,2,2,1,4,0.046155,1.150546,0.530898,4100.679509,devices
SLATE,13312,13312,13312,1024,1024,2,2,1,4,0.046155,0.749606,0.383817,6294.005341,devices
SLATE,13312,13312,13312,1024,1024,2,2,1,4,0.046155,0.663370,0.381806,7112.199136,devices
SLATE,13312,13312,13312,1024,1024,2,2,1,4,0.046155,0.650733,0.382682,7250.323014,devices
SLATE,13312,13312,13312,1024,1024,2,2,1,4,0.046155,0.647976,0.381291,7281.162805,devices
SLATE,13312,13312,13312,1024,1024,2,2,1,4,0.046155,0.648381,0.381304,7276.622476,devices
SLATE,13312,13312,13312,1024,1024,2,2,1,4,0.046155,0.647420,0.381719,7287.415748,devices
SLATE,13312,13312,13312,1024,1024,2,2,1,4,0.046155,0.643702,0.381948,7329.517598,devices
SLATE,13312,13312,13312,1024,1024,2,2,1,4,0.046155,0.663596,0.383000,7109.779505,devices
SLATE,13312,13312,13312,1024,1024,2,2,1,4,0.046155,0.697986,0.381387,6759.482458,devices
SLATE,14336,14336,14336,1024,1024,2,2,1,4,0.049224,1.349298,0.619090,4367.229539,devices
SLATE,14336,14336,14336,1024,1024,2,2,1,4,0.049224,0.850834,0.453743,6925.784514,devices
SLATE,14336,14336,14336,1024,1024,2,2,1,4,0.049224,0.768812,0.449198,7664.674943,devices
SLATE,14336,14336,14336,1024,1024,2,2,1,4,0.049224,0.745092,0.448665,7908.683883,devices
SLATE,14336,14336,14336,1024,1024,2,2,1,4,0.049224,0.734722,0.449547,8020.309823,devices
SLATE,14336,14336,14336,1024,1024,2,2,1,4,0.049224,0.748707,0.448892,7870.493335,devices
SLATE,14336,14336,14336,1024,1024,2,2,1,4,0.049224,0.793352,0.451497,7427.592513,devices
SLATE,14336,14336,14336,1024,1024,2,2,1,4,0.049224,0.751796,0.448093,7838.161956,devices
SLATE,14336,14336,14336,1024,1024,2,2,1,4,0.049224,0.745649,0.450252,7902.775318,devices
SLATE,14336,14336,14336,1024,1024,2,2,1,4,0.049224,0.748675,0.508376,7870.837002,devices
SLATE,15360,15360,15360,1024,1024,2,2,1,4,0.640062,1.857425,0.733642,3902.045007,devices
SLATE,15360,15360,15360,1024,1024,2,2,1,4,0.640062,0.992274,0.510347,7304.189237,devices
SLATE,15360,15360,15360,1024,1024,2,2,1,4,0.640062,0.949209,0.509395,7635.579810,devices
SLATE,15360,15360,15360,1024,1024,2,2,1,4,0.640062,0.927918,0.507963,7810.772350,devices
SLATE,15360,15360,15360,1024,1024,2,2,1,4,0.640062,0.919845,0.510240,7879.327237,devices
SLATE,15360,15360,15360,1024,1024,2,2,1,4,0.640062,0.924324,0.526755,7841.146460,devices
SLATE,15360,15360,15360,1024,1024,2,2,1,4,0.640062,1.409046,0.516401,5143.735353,devices
SLATE,15360,15360,15360,1024,1024,2,2,1,4,0.640062,0.933522,0.508854,7763.884375,devices
SLATE,15360,15360,15360,1024,1024,2,2,1,4,0.640062,0.898533,0.507845,8066.211533,devices
SLATE,15360,15360,15360,1024,1024,2,2,1,4,0.640062,0.926738,0.509176,7820.720679,devices
SLATE,16384,16384,16384,1024,1024,2,2,1,4,0.170860,1.924401,0.802611,4570.820483,devices
SLATE,16384,16384,16384,1024,1024,2,2,1,4,0.170860,1.098384,0.588004,8008.212572,devices
SLATE,16384,16384,16384,1024,1024,2,2,1,4,0.170860,1.020904,0.583744,8615.986964,devices
SLATE,16384,16384,16384,1024,1024,2,2,1,4,0.170860,0.988507,0.581563,8898.361706,devices
SLATE,16384,16384,16384,1024,1024,2,2,1,4,0.170860,0.967731,0.587038,9089.403313,devices
SLATE,16384,16384,16384,1024,1024,2,2,1,4,0.170860,1.598454,0.595733,5502.873770,devices
SLATE,16384,16384,16384,1024,1024,2,2,1,4,0.170860,0.963497,0.590383,9129.337978,devices
SLATE,16384,16384,16384,1024,1024,2,2,1,4,0.170860,0.975812,0.581405,9014.128207,devices
SLATE,16384,16384,16384,1024,1024,2,2,1,4,0.170860,0.963766,0.583136,9126.788703,devices
SLATE,16384,16384,16384,1024,1024,2,2,1,4,0.170860,0.985537,0.581805,8925.177281,devices
SLATE,20480,20480,20480,1024,1024,2,2,1,4,0.190388,3.054687,1.265275,5624.101885,devices
SLATE,20480,20480,20480,1024,1024,2,2,1,4,0.190388,1.899387,0.922788,9044.953558,devices
SLATE,20480,20480,20480,1024,1024,2,2,1,4,0.190388,1.602594,0.921895,10720.038879,devices
SLATE,20480,20480,20480,1024,1024,2,2,1,4,0.190388,1.504623,0.915018,11418.057678,devices
SLATE,20480,20480,20480,1024,1024,2,2,1,4,0.190388,1.456891,0.922865,11792.144146,devices
SLATE,20480,20480,20480,1024,1024,2,2,1,4,0.190388,1.457926,0.912507,11783.770516,devices
SLATE,20480,20480,20480,1024,1024,2,2,1,4,0.190388,1.442507,0.913248,11909.733983,devices
SLATE,20480,20480,20480,1024,1024,2,2,1,4,0.190388,1.504409,0.916779,11419.678700,devices
SLATE,20480,20480,20480,1024,1024,2,2,1,4,0.190388,1.538353,0.915152,11167.703584,devices
SLATE,20480,20480,20480,1024,1024,2,2,1,4,0.190388,1.456516,0.914489,11795.182390,devices
SLATE,24576,24576,24576,1024,1024,2,2,1,4,0.151435,4.056502,1.800489,7318.328497,devices
SLATE,24576,24576,24576,1024,1024,2,2,1,4,0.151435,2.751970,1.332058,10787.478355,devices
SLATE,24576,24576,24576,1024,1024,2,2,1,4,0.151435,2.285301,1.323668,12990.329508,devices
SLATE,24576,24576,24576,1024,1024,2,2,1,4,0.151435,1.990098,1.321939,14917.263638,devices
SLATE,24576,24576,24576,1024,1024,2,2,1,4,0.151435,1.997170,1.322927,14864.439510,devices
SLATE,24576,24576,24576,1024,1024,2,2,1,4,0.151435,2.001208,1.324402,14834.445931,devices
SLATE,24576,24576,24576,1024,1024,2,2,1,4,0.151435,1.912724,1.322258,15520.700993,devices
SLATE,24576,24576,24576,1024,1024,2,2,1,4,0.151435,1.922427,1.328570,15442.364565,devices
SLATE,24576,24576,24576,1024,1024,2,2,1,4,0.151435,2.011597,1.321631,14757.832062,devices
SLATE,24576,24576,24576,1024,1024,2,2,1,4,0.151435,1.927419,1.323096,15402.366567,devices
SLATE,28672,28672,28672,1024,1024,2,2,1,4,0.065869,5.662290,2.464729,8325.529617,devices
SLATE,28672,28672,28672,1024,1024,2,2,1,4,0.065869,3.851044,1.797446,12241.241656,devices
SLATE,28672,28672,28672,1024,1024,2,2,1,4,0.065869,3.211457,1.798683,14679.180460,devices
SLATE,28672,28672,28672,1024,1024,2,2,1,4,0.065869,2.784348,1.792591,16930.915904,devices
SLATE,28672,28672,28672,1024,1024,2,2,1,4,0.065869,2.749198,1.791587,17147.388531,devices
SLATE,28672,28672,28672,1024,1024,2,2,1,4,0.065869,2.676612,1.787771,17612.396938,devices
SLATE,28672,28672,28672,1024,1024,2,2,1,4,0.065869,2.679898,1.787892,17590.802478,devices
SLATE,28672,28672,28672,1024,1024,2,2,1,4,0.065869,2.713258,1.795099,17374.524236,devices
SLATE,28672,28672,28672,1024,1024,2,2,1,4,0.065869,2.676759,1.793272,17611.434511,devices
SLATE,28672,28672,28672,1024,1024,2,2,1,4,0.065869,2.650231,1.796841,17787.716369,devices
SLATE,32768,32768,32768,1024,1024,2,2,1,4,0.160566,7.289373,3.236204,9653.606993,devices
SLATE,32768,32768,32768,1024,1024,2,2,1,4,0.160566,5.272275,2.354636,13346.942074,devices
SLATE,32768,32768,32768,1024,1024,2,2,1,4,0.160566,3.217766,2.349356,21868.820772,devices
SLATE,32768,32768,32768,1024,1024,2,2,1,4,0.160566,3.163367,2.355956,22244.889541,devices
SLATE,32768,32768,32768,1024,1024,2,2,1,4,0.160566,3.003253,2.349190,23430.838432,devices
SLATE,32768,32768,32768,1024,1024,2,2,1,4,0.160566,3.074631,2.346043,22886.894522,devices
SLATE,32768,32768,32768,1024,1024,2,2,1,4,0.160566,3.011152,2.349692,23369.377990,devices
SLATE,32768,32768,32768,1024,1024,2,2,1,4,0.160566,3.029026,2.345452,23231.472689,devices
SLATE,32768,32768,32768,1024,1024,2,2,1,4,0.160566,2.998195,2.342353,23470.371747,devices
SLATE,32768,32768,32768,1024,1024,2,2,1,4,0.160566,3.029639,2.343873,23226.776205,devices
SLATE,36864,36864,36864,1024,1024,2,2,1,4,0.152579,9.410915,4.211879,10646.467393,devices
SLATE,36864,36864,36864,1024,1024,2,2,1,4,0.152579,6.674397,2.994883,15011.542296,devices
SLATE,36864,36864,36864,1024,1024,2,2,1,4,0.152579,4.235356,2.966320,23656.331691,devices
SLATE,36864,36864,36864,1024,1024,2,2,1,4,0.152579,4.168891,2.964452,24033.491118,devices
SLATE,36864,36864,36864,1024,1024,2,2,1,4,0.152579,4.007260,2.964603,25002.866080,devices
SLATE,36864,36864,36864,1024,1024,2,2,1,4,0.152579,4.020768,2.969794,24918.868617,devices
SLATE,36864,36864,36864,1024,1024,2,2,1,4,0.152579,3.976824,2.966575,25194.227357,devices
SLATE,36864,36864,36864,1024,1024,2,2,1,4,0.152579,4.023883,2.976566,24899.582633,devices
SLATE,36864,36864,36864,1024,1024,2,2,1,4,0.152579,3.986350,2.969842,25134.018165,devices
SLATE,36864,36864,36864,1024,1024,2,2,1,4,0.152579,3.985202,2.965970,25141.257069,devices
SLATE,40960,40960,40960,1024,1024,2,2,1,4,0.131872,11.999293,5.120765,11453.920849,devices
SLATE,40960,40960,40960,1024,1024,2,2,1,4,0.131872,8.118305,3.692057,16929.513006,devices
SLATE,40960,40960,40960,1024,1024,2,2,1,4,0.131872,5.511967,3.661585,24934.648055,devices
SLATE,40960,40960,40960,1024,1024,2,2,1,4,0.131872,5.377476,3.666121,25558.265499,devices
SLATE,40960,40960,40960,1024,1024,2,2,1,4,0.131872,5.228409,3.664674,26286.956770,devices
SLATE,40960,40960,40960,1024,1024,2,2,1,4,0.131872,5.131058,3.656804,26785.696072,devices
SLATE,40960,40960,40960,1024,1024,2,2,1,4,0.131872,5.287275,3.662353,25994.290295,devices
SLATE,40960,40960,40960,1024,1024,2,2,1,4,0.131872,5.115108,3.667417,26869.217710,devices
SLATE,40960,40960,40960,1024,1024,2,2,1,4,0.131872,5.232698,3.652852,26265.407482,devices
SLATE,40960,40960,40960,1024,1024,2,2,1,4,0.131872,5.143699,3.670513,26719.866784,devices
SLATE,45056,45056,45056,1024,1024,2,2,1,4,0.215339,14.749637,6.214846,12402.423866,devices
SLATE,45056,45056,45056,1024,1024,2,2,1,4,0.215339,10.022577,4.453957,18251.916874,devices
SLATE,45056,45056,45056,1024,1024,2,2,1,4,0.215339,6.809712,4.432415,26863.284942,devices
SLATE,45056,45056,45056,1024,1024,2,2,1,4,0.215339,6.684342,4.431796,27367.128932,devices
SLATE,45056,45056,45056,1024,1024,2,2,1,4,0.215339,6.574202,4.446456,27825.621223,devices
SLATE,45056,45056,45056,1024,1024,2,2,1,4,0.215339,6.538011,4.431894,27979.646725,devices
SLATE,45056,45056,45056,1024,1024,2,2,1,4,0.215339,6.529471,4.433338,28016.243589,devices
SLATE,45056,45056,45056,1024,1024,2,2,1,4,0.215339,6.529508,4.433060,28016.084532,devices
SLATE,45056,45056,45056,1024,1024,2,2,1,4,0.215339,6.536794,4.426341,27984.857759,devices
SLATE,45056,45056,45056,1024,1024,2,2,1,4,0.215339,6.518130,4.463276,28064.991116,devices
SLATE,49152,49152,49152,1024,1024,2,2,1,4,0.139185,17.701049,7.478191,13416.973524,devices
SLATE,49152,49152,49152,1024,1024,2,2,1,4,0.139185,12.060600,5.299057,19691.766095,devices
SLATE,49152,49152,49152,1024,1024,2,2,1,4,0.139185,8.573683,5.270680,27700.407742,devices
SLATE,49152,49152,49152,1024,1024,2,2,1,4,0.139185,8.241536,5.266131,28816.776144,devices
SLATE,49152,49152,49152,1024,1024,2,2,1,4,0.139185,8.072456,5.265818,29420.353324,devices
SLATE,49152,49152,49152,1024,1024,2,2,1,4,0.139185,8.082450,5.272654,29383.976321,devices
SLATE,49152,49152,49152,1024,1024,2,2,1,4,0.139185,8.044150,5.261701,29523.877541,devices
SLATE,49152,49152,49152,1024,1024,2,2,1,4,0.139185,8.069938,5.263803,29429.533216,devices
SLATE,49152,49152,49152,1024,1024,2,2,1,4,0.139185,8.054907,5.289179,29484.452734,devices
SLATE,49152,49152,49152,1024,1024,2,2,1,4,0.139185,8.039642,5.273924,29540.432312,devices
SLATE,53248,53248,53248,1024,1024,2,2,1,4,0.148595,21.185973,8.756524,14252.514085,devices
SLATE,53248,53248,53248,1024,1024,2,2,1,4,0.148595,14.419127,6.217922,20941.170058,devices
SLATE,53248,53248,53248,1024,1024,2,2,1,4,0.148595,10.239816,6.200612,29488.164963,devices
SLATE,53248,53248,53248,1024,1024,2,2,1,4,0.148595,9.918776,6.250334,30442.604584,devices
SLATE,53248,53248,53248,1024,1024,2,2,1,4,0.148595,9.832167,6.213004,30710.766715,devices
SLATE,53248,53248,53248,1024,1024,2,2,1,4,0.148595,9.802697,6.231935,30803.092158,devices
SLATE,53248,53248,53248,1024,1024,2,2,1,4,0.148595,9.783047,6.195565,30864.962460,devices
SLATE,53248,53248,53248,1024,1024,2,2,1,4,0.148595,9.827668,6.205437,30724.823852,devices
SLATE,53248,53248,53248,1024,1024,2,2,1,4,0.148595,9.785863,6.198881,30856.079715,devices
SLATE,53248,53248,53248,1024,1024,2,2,1,4,0.148595,9.795671,6.209786,30825.186443,devices
SLATE,57344,57344,57344,1024,1024,2,2,1,4,0.293444,25.080221,10.339386,15037.048034,devices
SLATE,57344,57344,57344,1024,1024,2,2,1,4,0.293444,16.965626,7.188550,22229.211347,devices
SLATE,57344,57344,57344,1024,1024,2,2,1,4,0.293444,12.221658,7.160872,30857.718080,devices
SLATE,57344,57344,57344,1024,1024,2,2,1,4,0.293444,12.129332,7.177139,31092.602710,devices
SLATE,57344,57344,57344,1024,1024,2,2,1,4,0.293444,11.888005,7.176988,31723.782264,devices
SLATE,57344,57344,57344,1024,1024,2,2,1,4,0.293444,11.819547,7.182981,31907.524970,devices
SLATE,57344,57344,57344,1024,1024,2,2,1,4,0.293444,11.819306,7.170694,31908.174097,devices
SLATE,57344,57344,57344,1024,1024,2,2,1,4,0.293444,11.784469,7.199140,32002.501452,devices
SLATE,57344,57344,57344,1024,1024,2,2,1,4,0.293444,11.786758,7.174147,31996.287446,devices
SLATE,57344,57344,57344,1024,1024,2,2,1,4,0.293444,11.793128,7.163028,31979.005110,devices
SLATE,61440,61440,61440,1024,1024,2,2,1,4,0.179216,29.067000,11.832772,15958.181530,devices
SLATE,61440,61440,61440,1024,1024,2,2,1,4,0.179216,19.560209,8.264531,23714.289625,devices
SLATE,61440,61440,61440,1024,1024,2,2,1,4,0.179216,14.898962,8.273712,31133.475820,devices
SLATE,61440,61440,61440,1024,1024,2,2,1,4,0.179216,14.339507,8.261068,32348.145176,devices
SLATE,61440,61440,61440,1024,1024,2,2,1,4,0.179216,14.037676,8.256587,33043.679927,devices
SLATE,61440,61440,61440,1024,1024,2,2,1,4,0.179216,13.951039,8.248069,33248.884147,devices
SLATE,61440,61440,61440,1024,1024,2,2,1,4,0.179216,13.992129,8.260856,33151.242156,devices
SLATE,61440,61440,61440,1024,1024,2,2,1,4,0.179216,14.005193,8.272280,33120.320445,devices
SLATE,61440,61440,61440,1024,1024,2,2,1,4,0.179216,14.109262,8.261876,32876.027072,devices
SLATE,61440,61440,61440,1024,1024,2,2,1,4,0.179216,14.009738,8.299024,33109.573953,devices
SLATE,65536,65536,65536,1024,1024,2,2,1,4,0.822134,17.237065,15.059829,32659.269542,devices
SLATE,65536,65536,65536,1024,1024,2,2,1,4,0.822134,17.485749,9.370368,32194.786142,devices
SLATE,65536,65536,65536,1024,1024,2,2,1,4,0.822134,15.870696,9.369169,35471.031371,devices
SLATE,65536,65536,65536,1024,1024,2,2,1,4,0.822134,15.700477,9.376088,35855.596693,devices
SLATE,65536,65536,65536,1024,1024,2,2,1,4,0.822134,15.715298,9.365155,35821.779648,devices
SLATE,65536,65536,65536,1024,1024,2,2,1,4,0.822134,15.742273,9.377591,35760.398287,devices
SLATE,65536,65536,65536,1024,1024,2,2,1,4,0.822134,15.712248,9.376863,35828.734028,devices
SLATE,65536,65536,65536,1024,1024,2,2,1,4,0.822134,15.717384,9.375017,35817.025799,devices
SLATE,65536,65536,65536,1024,1024,2,2,1,4,0.822134,15.719631,9.369325,35811.905344,devices
SLATE,65536,65536,65536,1024,1024,2,2,1,4,0.822134,15.732071,9.369314,35783.587575,devices
