Algo,M,N,K,TotalGPUs,ExecutionTime,GFlops,ALoc,BLoc,CLoc
PARALiA,4096,4096,4096,4,0.003805,36121.357999,0,1,2
PARALiA,4096,4096,4096,4,0.003674,37410.653015,0,1,2
PARALiA,4096,4096,4096,4,0.003604,38135.799967,0,1,2
PARALiA,4096,4096,4096,4,0.003604,38135.799967,0,1,2
PARALiA,4096,4096,4096,4,0.003689,37255.913676,0,1,2
PARALiA,4096,4096,4096,4,0.003654,37613.255403,0,1,2
PARALiA,4096,4096,4096,4,0.003627,37892.641314,0,1,2
PARALiA,4096,4096,4096,4,0.003675,37398.517731,0,1,2
PARALiA,4096,4096,4096,4,0.003670,37449.538901,0,1,2
PARALiA,4096,4096,4096,4,0.003748,36670.531317,0,1,2
PARALiA,4096,4096,4096,4,0.003641,37746.251460,0,1,2
PARALiA,4096,4096,4096,4,0.003641,37746.251460,0,1,2
PARALiA,4096,4096,4096,4,0.003729,36858.104367,0,1,2
PARALiA,4096,4096,4096,4,0.003642,37736.367655,0,1,2
PARALiA,4096,4096,4096,4,0.003664,37510.460197,0,1,2
PARALiA,4096,4096,4096,4,0.003639,37768.508963,0,1,2
PARALiA,4096,4096,4096,4,0.003619,37977.518434,0,1,2
PARALiA,4096,4096,4096,4,0.003720,36945.507422,0,1,2
PARALiA,4096,4096,4096,4,0.003678,37367.002807,0,1,2
PARALiA,4096,4096,4096,4,0.003667,37478.756407,0,1,2
PARALiA,4096,4096,4096,4,0.003631,37850.344866,0,1,2
PARALiA,4096,4096,4096,4,0.003625,37915.071843,0,1,2
PARALiA,4096,4096,4096,4,0.003726,36886.405957,0,1,2
PARALiA,4096,4096,4096,4,0.003729,36855.747862,0,1,2
PARALiA,4096,4096,4096,4,0.003673,37417.937966,0,1,2
PARALiA,4096,4096,4096,4,0.003659,37561.787470,0,1,2
PARALiA,4096,4096,4096,4,0.003662,37529.996895,0,1,2
PARALiA,4096,4096,4096,4,0.003649,37664.864574,0,1,2
PARALiA,4096,4096,4096,4,0.003748,36670.531317,0,1,2
PARALiA,4096,4096,4096,4,0.003761,36542.678434,0,1,2
PARALiA,4096,4096,4096,4,0.003649,37664.864574,0,1,2
PARALiA,4096,4096,4096,4,0.003636,37798.226497,0,1,2
PARALiA,4096,4096,4096,4,0.003598,38198.976364,0,1,2
PARALiA,4096,4096,4096,4,0.003650,37652.563834,0,1,2
PARALiA,4096,4096,4096,4,0.003664,37510.460197,0,1,2
PARALiA,4096,4096,4096,4,0.003728,36865.175692,0,1,2
PARALiA,4096,4096,4096,4,0.003603,38145.894144,0,1,2
PARALiA,4096,4096,4096,4,0.003635,37810.622609,0,1,2
PARALiA,4096,4096,4096,4,0.003696,37186.218056,0,1,2
PARALiA,4096,4096,4096,4,0.003743,36719.584197,0,1,2
PARALiA,4096,4096,4096,4,0.003597,38209.104017,0,1,2
PARALiA,4096,4096,4096,4,0.003739,36759.389893,0,1,2
PARALiA,4096,4096,4096,4,0.003616,38010.072023,0,1,2
PARALiA,4096,4096,4096,4,0.003613,38040.171064,0,1,2
PARALiA,4096,4096,4096,4,0.003665,37500.699473,0,1,2
PARALiA,4096,4096,4096,4,0.003637,37790.792730,0,1,2
PARALiA,4096,4096,4096,4,0.003704,37104.837301,0,1,2
PARALiA,4096,4096,4096,4,0.003680,37347.635394,0,1,2
PARALiA,4096,4096,4096,4,0.003576,38433.279039,0,1,2
PARALiA,5120,5120,5120,4,0.005704,47061.524279,0,1,2
PARALiA,5120,5120,5120,4,0.005678,47274.937304,0,1,2
PARALiA,5120,5120,5120,4,0.005683,47233.288872,0,1,2
PARALiA,5120,5120,5120,4,0.005694,47144.288872,0,1,2
PARALiA,5120,5120,5120,4,0.005700,47094.989202,0,1,2
PARALiA,5120,5120,5120,4,0.005684,47225.364156,0,1,2
PARALiA,5120,5120,5120,4,0.005691,47167.989394,0,1,2
PARALiA,5120,5120,5120,4,0.005688,47193.691866,0,1,2
PARALiA,5120,5120,5120,4,0.005710,47012.397463,0,1,2
PARALiA,5120,5120,5120,4,0.005684,47225.364156,0,1,2
PARALiA,5120,5120,5120,4,0.005692,47160.086573,0,1,2
PARALiA,5120,5120,5120,4,0.005700,47093.019359,0,1,2
PARALiA,5120,5120,5120,4,0.005693,47150.211769,0,1,2
PARALiA,5120,5120,5120,4,0.005699,47100.899717,0,1,2
PARALiA,5120,5120,5120,4,0.005705,47051.690703,0,1,2
PARALiA,5120,5120,5120,4,0.005694,47144.288872,0,1,2
PARALiA,5120,5120,5120,4,0.005691,47167.989394,0,1,2
PARALiA,5120,5120,5120,4,0.005695,47134.420682,0,1,2
PARALiA,5120,5120,5120,4,0.005712,46996.698537,0,1,2
PARALiA,5120,5120,5120,4,0.005678,47276.922395,0,1,2
PARALiA,5120,5120,5120,4,0.005699,47102.870219,0,1,2
PARALiA,5120,5120,5120,4,0.005700,47093.019359,0,1,2
PARALiA,5120,5120,5120,4,0.005683,47233.288872,0,1,2
PARALiA,5120,5120,5120,4,0.005711,47004.546689,0,1,2
PARALiA,5120,5120,5120,4,0.005703,47069.394099,0,1,2
PARALiA,5120,5120,5120,4,0.005709,47020.250860,0,1,2
PARALiA,5120,5120,5120,4,0.005690,47175.894865,0,1,2
PARALiA,5120,5120,5120,4,0.005697,47118.640169,0,1,2
PARALiA,5120,5120,5120,4,0.005706,47043.826802,0,1,2
PARALiA,5120,5120,5120,4,0.005700,47094.989202,0,1,2
PARALiA,5120,5120,5120,4,0.005712,46994.736908,0,1,2
PARALiA,5120,5120,5120,4,0.005704,47061.524279,0,1,2
PARALiA,5120,5120,5120,4,0.005701,47085.141638,0,1,2
PARALiA,5120,5120,5120,4,0.005712,46996.698537,0,1,2
PARALiA,5120,5120,5120,4,0.005678,47276.922395,0,1,2
PARALiA,5120,5120,5120,4,0.005691,47167.989394,0,1,2
PARALiA,5120,5120,5120,4,0.005689,47185.780430,0,1,2
PARALiA,5120,5120,5120,4,0.005689,47185.780430,0,1,2
PARALiA,5120,5120,5120,4,0.005685,47219.422364,0,1,2
PARALiA,5120,5120,5120,4,0.005701,47085.141638,0,1,2
PARALiA,5120,5120,5120,4,0.005657,47452.265640,0,1,2
PARALiA,5120,5120,5120,4,0.005662,47410.304314,0,1,2
PARALiA,5120,5120,5120,4,0.005655,47470.271812,0,1,2
PARALiA,5120,5120,5120,4,0.005646,47544.440980,0,1,2
PARALiA,5120,5120,5120,4,0.005651,47502.316549,0,1,2
PARALiA,5120,5120,5120,4,0.005643,47570.555469,0,1,2
PARALiA,5120,5120,5120,4,0.005648,47528.384771,0,1,2
PARALiA,5120,5120,5120,4,0.005479,48992.642045,0,1,2
PARALiA,5120,5120,5120,4,0.005313,50525.036207,0,1,2
PARALiA,6144,6144,6144,4,0.013618,34062.030166,0,1,2
PARALiA,6144,6144,6144,4,0.013592,34127.156046,0,1,2
PARALiA,6144,6144,6144,4,0.013603,34099.641382,0,1,2
PARALiA,6144,6144,6144,4,0.013582,34152.316938,0,1,2
PARALiA,6144,6144,6144,4,0.013545,34245.494597,0,1,2
PARALiA,6144,6144,6144,4,0.013676,33917.732240,0,1,2
PARALiA,6144,6144,6144,4,0.013600,34107.412766,0,1,2
PARALiA,6144,6144,6144,4,0.013651,33979.339452,0,1,2
PARALiA,6144,6144,6144,4,0.013716,33818.683430,0,1,2
PARALiA,6144,6144,6144,4,0.013614,34071.574359,0,1,2
PARALiA,6144,6144,6144,4,0.013659,33959.766783,0,1,2
PARALiA,6144,6144,6144,4,0.013509,34336.757894,0,1,2
PARALiA,6144,6144,6144,4,0.013628,34037.002082,0,1,2
PARALiA,6144,6144,6144,4,0.013538,34263.587739,0,1,2
PARALiA,6144,6144,6144,4,0.013388,34647.392642,0,1,2
PARALiA,6144,6144,6144,4,0.013350,34745.777030,0,1,2
PARALiA,6144,6144,6144,4,0.013290,34902.856715,0,1,2
PARALiA,6144,6144,6144,4,0.013436,34523.201828,0,1,2
PARALiA,6144,6144,6144,4,0.013486,34395.032954,0,1,2
PARALiA,6144,6144,6144,4,0.013368,34698.680917,0,1,2
PARALiA,6144,6144,6144,4,0.013398,34621.497269,0,1,2
PARALiA,6144,6144,6144,4,0.013382,34662.824954,0,1,2
PARALiA,6144,6144,6144,4,0.013492,34380.445652,0,1,2
PARALiA,6144,6144,6144,4,0.013475,34423.635639,0,1,2
PARALiA,6144,6144,6144,4,0.013387,34649.860888,0,1,2
PARALiA,6144,6144,6144,4,0.012886,35996.799864,0,1,2
PARALiA,6144,6144,6144,4,0.012918,35907.774520,0,1,2
PARALiA,6144,6144,6144,4,0.012954,35807.981135,0,1,2
PARALiA,6144,6144,6144,4,0.012906,35941.605347,0,1,2
PARALiA,6144,6144,6144,4,0.012953,35810.617516,0,1,2
PARALiA,6144,6144,6144,4,0.012946,35830.402752,0,1,2
PARALiA,6144,6144,6144,4,0.012890,35986.146771,0,1,2
PARALiA,6144,6144,6144,4,0.013049,35546.938519,0,1,2
PARALiA,6144,6144,6144,4,0.012904,35946.253770,0,1,2
PARALiA,6144,6144,6144,4,0.012762,36347.171316,0,1,2
PARALiA,6144,6144,6144,4,0.012856,36080.913895,0,1,2
PARALiA,6144,6144,6144,4,0.012828,36160.044588,0,1,2
PARALiA,6144,6144,6144,4,0.012924,35890.551930,0,1,2
PARALiA,6144,6144,6144,4,0.012818,36187.620464,0,1,2
PARALiA,6144,6144,6144,4,0.012874,36030.798730,0,1,2
PARALiA,6144,6144,6144,4,0.012985,35722.509576,0,1,2
PARALiA,6144,6144,6144,4,0.012952,35813.913538,0,1,2
PARALiA,6144,6144,6144,4,0.012947,35827.103694,0,1,2
PARALiA,6144,6144,6144,4,0.012923,35893.862683,0,1,2
PARALiA,6144,6144,6144,4,0.013013,35645.280208,0,1,2
PARALiA,6144,6144,6144,4,0.013062,35511.901563,0,1,2
PARALiA,6144,6144,6144,4,0.012833,36145.936628,0,1,2
PARALiA,6144,6144,6144,4,0.013018,35632.223568,0,1,2
PARALiA,6144,6144,6144,4,0.012889,35988.143745,0,1,2
PARALiA,7168,7168,7168,4,0.017253,42693.457304,0,1,2
PARALiA,7168,7168,7168,4,0.017121,43022.229803,0,1,2
PARALiA,7168,7168,7168,4,0.017046,43211.778902,0,1,2
PARALiA,7168,7168,7168,4,0.017122,43019.833522,0,1,2
PARALiA,7168,7168,7168,4,0.016979,43382.283850,0,1,2
PARALiA,7168,7168,7168,4,0.017081,43123.717154,0,1,2
PARALiA,7168,7168,7168,4,0.017077,43133.350241,0,1,2
PARALiA,7168,7168,7168,4,0.017102,43070.211546,0,1,2
PARALiA,7168,7168,7168,4,0.016998,43333.604662,0,1,2
PARALiA,7168,7168,7168,4,0.017033,43245.046183,0,1,2
PARALiA,7168,7168,7168,4,0.017108,43055.205758,0,1,2
PARALiA,7168,7168,7168,4,0.017031,43249.283876,0,1,2
PARALiA,7168,7168,7168,4,0.016908,43563.966051,0,1,2
PARALiA,7168,7168,7168,4,0.017000,43328.135089,0,1,2
PARALiA,7168,7168,7168,4,0.017145,42962.402753,0,1,2
PARALiA,7168,7168,7168,4,0.017058,43181.580303,0,1,2
PARALiA,7168,7168,7168,4,0.017072,43146.000201,0,1,2
PARALiA,7168,7168,7168,4,0.015678,46982.410420,0,1,2
PARALiA,7168,7168,7168,4,0.015684,46964.555347,0,1,2
PARALiA,7168,7168,7168,4,0.015732,46820.782668,0,1,2
PARALiA,7168,7168,7168,4,0.015611,47184.039348,0,1,2
PARALiA,7168,7168,7168,4,0.015658,47041.786743,0,1,2
PARALiA,7168,7168,7168,4,0.015651,47063.285008,0,1,2
PARALiA,7168,7168,7168,4,0.015577,47286.589797,0,1,2
PARALiA,7168,7168,7168,4,0.015762,46731.547615,0,1,2
PARALiA,7168,7168,7168,4,0.015708,46892.558806,0,1,2
PARALiA,7168,7168,7168,4,0.015696,46928.885884,0,1,2
PARALiA,7168,7168,7168,4,0.015634,47114.242602,0,1,2
PARALiA,7168,7168,7168,4,0.015689,46949.567570,0,1,2
PARALiA,7168,7168,7168,4,0.015615,47171.791987,0,1,2
PARALiA,7168,7168,7168,4,0.015693,46937.441612,0,1,2
PARALiA,7168,7168,7168,4,0.015596,47228.760137,0,1,2
PARALiA,7168,7168,7168,4,0.015575,47292.380553,0,1,2
PARALiA,7168,7168,7168,4,0.015675,46990.985678,0,1,2
PARALiA,7168,7168,7168,4,0.015581,47275.012538,0,1,2
PARALiA,7168,7168,7168,4,0.015509,47493.763941,0,1,2
PARALiA,7168,7168,7168,4,0.015724,46844.210098,0,1,2
PARALiA,7168,7168,7168,4,0.015578,47283.694951,0,1,2
PARALiA,7168,7168,7168,4,0.015559,47341.659302,0,1,2
PARALiA,7168,7168,7168,4,0.015670,47005.999914,0,1,2
PARALiA,7168,7168,7168,4,0.015718,46861.973765,0,1,2
PARALiA,7168,7168,7168,4,0.015696,46928.173047,0,1,2
PARALiA,7168,7168,7168,4,0.015700,46916.770606,0,1,2
PARALiA,7168,7168,7168,4,0.015630,47126.460094,0,1,2
PARALiA,7168,7168,7168,4,0.015546,47380.865645,0,1,2
PARALiA,7168,7168,7168,4,0.015596,47228.760137,0,1,2
PARALiA,7168,7168,7168,4,0.015561,47335.856472,0,1,2
PARALiA,7168,7168,7168,4,0.015645,47081.215245,0,1,2
PARALiA,7168,7168,7168,4,0.015660,47036.057189,0,1,2
PARALiA,8192,8192,8192,4,0.020446,53776.832157,0,1,2
PARALiA,8192,8192,8192,4,0.020455,53752.386717,0,1,2
PARALiA,8192,8192,8192,4,0.020438,53797.534132,0,1,2
PARALiA,8192,8192,8192,4,0.020432,53813.228062,0,1,2
PARALiA,8192,8192,8192,4,0.020438,53797.534132,0,1,2
PARALiA,8192,8192,8192,4,0.020437,53800.044546,0,1,2
PARALiA,8192,8192,8192,4,0.020304,54152.558312,0,1,2
PARALiA,8192,8192,8192,4,0.019475,56457.641869,0,1,2
PARALiA,8192,8192,8192,4,0.019463,56492.221604,0,1,2
PARALiA,8192,8192,8192,4,0.019443,56550.411017,0,1,2
PARALiA,8192,8192,8192,4,0.019474,56461.097937,0,1,2
PARALiA,8192,8192,8192,4,0.019449,56533.080214,0,1,2
PARALiA,8192,8192,8192,4,0.019447,56538.624915,0,1,2
PARALiA,8192,8192,8192,4,0.019457,56509.527361,0,1,2
PARALiA,8192,8192,8192,4,0.019475,56457.641869,0,1,2
PARALiA,8192,8192,8192,4,0.019447,56539.318079,0,1,2
PARALiA,8192,8192,8192,4,0.016494,66661.164459,0,1,2
PARALiA,8192,8192,8192,4,0.016422,66954.412417,0,1,2
PARALiA,8192,8192,8192,4,0.016536,66492.005399,0,1,2
PARALiA,8192,8192,8192,4,0.016508,66605.323855,0,1,2
PARALiA,8192,8192,8192,4,0.016556,66411.572679,0,1,2
PARALiA,8192,8192,8192,4,0.016657,66009.475816,0,1,2
PARALiA,8192,8192,8192,4,0.016694,65862.411003,0,1,2
PARALiA,8192,8192,8192,4,0.016657,66009.475816,0,1,2
PARALiA,8192,8192,8192,4,0.016658,66004.752013,0,1,2
PARALiA,8192,8192,8192,4,0.016626,66131.584117,0,1,2
PARALiA,8192,8192,8192,4,0.016648,66045.398826,0,1,2
PARALiA,8192,8192,8192,4,0.016751,65638.366877,0,1,2
PARALiA,8192,8192,8192,4,0.016682,65910.417734,0,1,2
PARALiA,8192,8192,8192,4,0.016675,65937.746903,0,1,2
PARALiA,8192,8192,8192,4,0.016819,65373.185791,0,1,2
PARALiA,8192,8192,8192,4,0.016717,65771.296810,0,1,2
PARALiA,8192,8192,8192,4,0.016692,65869.936846,0,1,2
PARALiA,8192,8192,8192,4,0.016757,65615.952911,0,1,2
PARALiA,8192,8192,8192,4,0.016688,65885.934973,0,1,2
PARALiA,8192,8192,8192,4,0.016656,66013.255345,0,1,2
PARALiA,8192,8192,8192,4,0.016682,65910.417734,0,1,2
PARALiA,8192,8192,8192,4,0.016620,66156.249816,0,1,2
PARALiA,8192,8192,8192,4,0.016627,66127.791027,0,1,2
PARALiA,8192,8192,8192,4,0.016634,66100.304128,0,1,2
PARALiA,8192,8192,8192,4,0.016619,66160.046172,0,1,2
PARALiA,8192,8192,8192,4,0.016640,66076.626860,0,1,2
PARALiA,8192,8192,8192,4,0.016643,66064.321383,0,1,2
PARALiA,8192,8192,8192,4,0.016668,65966.042318,0,1,2
PARALiA,8192,8192,8192,4,0.016661,65993.417645,0,1,2
PARALiA,8192,8192,8192,4,0.016680,65917.954552,0,1,2
PARALiA,8192,8192,8192,4,0.016659,66000.973458,0,1,2
PARALiA,8192,8192,8192,4,0.016699,65843.603918,0,1,2
PARALiA,8192,8192,8192,4,0.016661,65993.417645,0,1,2
PARALiA,9216,9216,9216,4,0.028792,54373.463976,0,1,2
PARALiA,9216,9216,9216,4,0.028739,54473.604253,0,1,2
PARALiA,9216,9216,9216,4,0.028782,54392.381185,0,1,2
PARALiA,9216,9216,9216,4,0.028800,54358.159680,0,1,2
PARALiA,9216,9216,9216,4,0.028774,54407.253944,0,1,2
PARALiA,9216,9216,9216,4,0.028795,54367.611316,0,1,2
PARALiA,9216,9216,9216,4,0.028762,54429.803930,0,1,2
PARALiA,9216,9216,9216,4,0.028728,54494.400192,0,1,2
PARALiA,9216,9216,9216,4,0.028786,54384.272199,0,1,2
PARALiA,9216,9216,9216,4,0.028218,55479.263713,0,1,2
PARALiA,9216,9216,9216,4,0.024248,64562.975101,0,1,2
PARALiA,9216,9216,9216,4,0.024064,65056.159164,0,1,2
PARALiA,9216,9216,9216,4,0.024815,63087.866726,0,1,2
PARALiA,9216,9216,9216,4,0.024486,63934.959949,0,1,2
PARALiA,9216,9216,9216,4,0.024483,63943.053849,0,1,2
PARALiA,9216,9216,9216,4,0.024235,64597.273527,0,1,2
PARALiA,9216,9216,9216,4,0.024366,64249.633134,0,1,2
PARALiA,9216,9216,9216,4,0.024809,63103.023917,0,1,2
PARALiA,9216,9216,9216,4,0.024803,63118.188393,0,1,2
PARALiA,9216,9216,9216,4,0.024739,63281.210612,0,1,2
PARALiA,9216,9216,9216,4,0.024288,64456.501425,0,1,2
PARALiA,9216,9216,9216,4,0.024243,64575.673974,0,1,2
PARALiA,9216,9216,9216,4,0.024425,64094.725579,0,1,2
PARALiA,9216,9216,9216,4,0.024671,63455.500268,0,1,2
PARALiA,9216,9216,9216,4,0.024485,63938.072745,0,1,2
PARALiA,9216,9216,9216,4,0.024467,63984.801083,0,1,2
PARALiA,9216,9216,9216,4,0.024369,64242.089958,0,1,2
PARALiA,9216,9216,9216,4,0.024677,63440.173296,0,1,2
PARALiA,9216,9216,9216,4,0.024624,63576.536408,0,1,2
PARALiA,9216,9216,9216,4,0.024491,63922.511796,0,1,2
PARALiA,9216,9216,9216,4,0.024423,64099.731122,0,1,2
PARALiA,9216,9216,9216,4,0.024439,64057.833830,0,1,2
PARALiA,9216,9216,9216,4,0.024851,62996.471877,0,1,2
PARALiA,9216,9216,9216,4,0.024641,63532.861064,0,1,2
PARALiA,9216,9216,9216,4,0.024712,63350.811457,0,1,2
PARALiA,9216,9216,9216,4,0.024440,64055.334231,0,1,2
PARALiA,9216,9216,9216,4,0.024650,63509.510172,0,1,2
PARALiA,9216,9216,9216,4,0.024632,63556.229134,0,1,2
PARALiA,9216,9216,9216,4,0.024712,63350.200258,0,1,2
PARALiA,9216,9216,9216,4,0.024847,63006.748133,0,1,2
PARALiA,9216,9216,9216,4,0.024281,64474.855725,0,1,2
PARALiA,9216,9216,9216,4,0.024808,63105.449743,0,1,2
PARALiA,9216,9216,9216,4,0.024842,63018.842139,0,1,2
PARALiA,9216,9216,9216,4,0.024496,63908.824425,0,1,2
PARALiA,9216,9216,9216,4,0.024305,64411.609118,0,1,2
PARALiA,9216,9216,9216,4,0.024692,63401.582148,0,1,2
PARALiA,9216,9216,9216,4,0.024653,63502.139772,0,1,2
PARALiA,9216,9216,9216,4,0.024659,63486.790265,0,1,2
PARALiA,9216,9216,9216,4,0.024711,63353.256372,0,1,2
PARALiA,10240,10240,10240,4,0.038881,55232.122191,0,1,2
PARALiA,10240,10240,10240,4,0.038848,55279.239320,0,1,2
PARALiA,10240,10240,10240,4,0.038822,55316.243558,0,1,2
PARALiA,10240,10240,10240,4,0.038827,55309.110448,0,1,2
PARALiA,10240,10240,10240,4,0.038823,55314.545031,0,1,2
PARALiA,10240,10240,10240,4,0.038818,55322.019327,0,1,2
PARALiA,10240,10240,10240,4,0.038840,55290.437211,0,1,2
PARALiA,10240,10240,10240,4,0.036606,58665.063925,0,1,2
PARALiA,10240,10240,10240,4,0.031133,68977.870094,0,1,2
PARALiA,10240,10240,10240,4,0.031164,68909.267428,0,1,2
PARALiA,10240,10240,10240,4,0.031628,67897.897260,0,1,2
PARALiA,10240,10240,10240,4,0.031655,67840.621034,0,1,2
PARALiA,10240,10240,10240,4,0.031745,67648.025166,0,1,2
PARALiA,10240,10240,10240,4,0.031655,67840.110075,0,1,2
PARALiA,10240,10240,10240,4,0.031665,67818.656718,0,1,2
PARALiA,10240,10240,10240,4,0.031685,67775.790686,0,1,2
PARALiA,10240,10240,10240,4,0.031664,67821.209978,0,1,2
PARALiA,10240,10240,10240,4,0.031733,67673.438029,0,1,2
PARALiA,10240,10240,10240,4,0.031683,67780.380883,0,1,2
PARALiA,10240,10240,10240,4,0.031693,67758.965281,0,1,2
PARALiA,10240,10240,10240,4,0.031647,67857.487021,0,1,2
PARALiA,10240,10240,10240,4,0.031795,67542.005705,0,1,2
PARALiA,10240,10240,10240,4,0.031656,67838.066313,0,1,2
PARALiA,10240,10240,10240,4,0.031702,67739.600917,0,1,2
PARALiA,10240,10240,10240,4,0.031684,67778.340718,0,1,2
PARALiA,10240,10240,10240,4,0.031779,67575.449616,0,1,2
PARALiA,10240,10240,10240,4,0.031732,67675.471883,0,1,2
PARALiA,10240,10240,10240,4,0.031639,67874.872872,0,1,2
PARALiA,10240,10240,10240,4,0.031697,67750.300907,0,1,2
PARALiA,10240,10240,10240,4,0.031689,67767.631870,0,1,2
PARALiA,10240,10240,10240,4,0.031733,67673.438029,0,1,2
PARALiA,10240,10240,10240,4,0.031753,67630.755318,0,1,2
PARALiA,10240,10240,10240,4,0.031916,67285.692711,0,1,2
PARALiA,10240,10240,10240,4,0.031917,67283.179613,0,1,2
PARALiA,10240,10240,10240,4,0.031724,67692.764578,0,1,2
PARALiA,10240,10240,10240,4,0.032111,66876.535110,0,1,2
PARALiA,10240,10240,10240,4,0.032687,65698.025199,0,1,2
PARALiA,10240,10240,10240,4,0.032673,65726.789658,0,1,2
PARALiA,10240,10240,10240,4,0.032429,66221.128644,0,1,2
PARALiA,10240,10240,10240,4,0.032220,66650.381859,0,1,2
PARALiA,10240,10240,10240,4,0.032019,67069.251396,0,1,2
PARALiA,10240,10240,10240,4,0.031976,67159.265826,0,1,2
PARALiA,10240,10240,10240,4,0.032009,67090.233174,0,1,2
PARALiA,10240,10240,10240,4,0.031777,67580.012715,0,1,2
PARALiA,10240,10240,10240,4,0.031956,67201.355299,0,1,2
PARALiA,10240,10240,10240,4,0.031935,67245.003619,0,1,2
PARALiA,10240,10240,10240,4,0.031772,67590.662345,0,1,2
PARALiA,10240,10240,10240,4,0.031750,67637.357454,0,1,2
PARALiA,10240,10240,10240,4,0.031825,67477.744559,0,1,2
PARALiA,11264,11264,11264,4,0.050726,56347.914119,0,1,2
PARALiA,11264,11264,11264,4,0.050724,56350.032940,0,1,2
PARALiA,11264,11264,11264,4,0.050706,56370.169686,0,1,2
PARALiA,11264,11264,11264,4,0.050723,56351.092410,0,1,2
PARALiA,11264,11264,11264,4,0.050706,56370.169686,0,1,2
PARALiA,11264,11264,11264,4,0.049509,57732.895789,0,1,2
PARALiA,11264,11264,11264,4,0.040808,70042.721228,0,1,2
PARALiA,11264,11264,11264,4,0.041188,69396.441250,0,1,2
PARALiA,11264,11264,11264,4,0.041566,68765.528324,0,1,2
PARALiA,11264,11264,11264,4,0.041516,68848.063860,0,1,2
PARALiA,11264,11264,11264,4,0.041551,68790.386615,0,1,2
PARALiA,11264,11264,11264,4,0.041565,68767.106094,0,1,2
PARALiA,11264,11264,11264,4,0.041560,68775.390575,0,1,2
PARALiA,11264,11264,11264,4,0.041560,68775.390575,0,1,2
PARALiA,11264,11264,11264,4,0.041584,68735.564444,0,1,2
PARALiA,11264,11264,11264,4,0.041605,68700.902031,0,1,2
PARALiA,11264,11264,11264,4,0.041544,68801.835361,0,1,2
PARALiA,11264,11264,11264,4,0.041581,68740.687993,0,1,2
PARALiA,11264,11264,11264,4,0.041570,68758.823609,0,1,2
PARALiA,11264,11264,11264,4,0.041570,68758.823609,0,1,2
PARALiA,11264,11264,11264,4,0.041538,68811.708030,0,1,2
PARALiA,11264,11264,11264,4,0.041547,68797.097487,0,1,2
PARALiA,11264,11264,11264,4,0.041585,68733.988121,0,1,2
PARALiA,11264,11264,11264,4,0.041748,68465.495980,0,1,2
PARALiA,11264,11264,11264,4,0.041667,68598.694285,0,1,2
PARALiA,11264,11264,11264,4,0.041653,68621.860897,0,1,2
PARALiA,11264,11264,11264,4,0.041669,68595.554254,0,1,2
PARALiA,11264,11264,11264,4,0.042033,68001.419226,0,1,2
PARALiA,11264,11264,11264,4,0.042155,67804.504290,0,1,2
PARALiA,11264,11264,11264,4,0.042461,67316.036520,0,1,2
PARALiA,11264,11264,11264,4,0.042405,67404.600293,0,1,2
PARALiA,11264,11264,11264,4,0.042435,67356.883171,0,1,2
PARALiA,11264,11264,11264,4,0.042165,67788.401712,0,1,2
PARALiA,11264,11264,11264,4,0.041962,68116.170317,0,1,2
PARALiA,11264,11264,11264,4,0.041984,68080.583143,0,1,2
PARALiA,11264,11264,11264,4,0.042001,68053.144541,0,1,2
PARALiA,11264,11264,11264,4,0.041999,68056.621450,0,1,2
PARALiA,11264,11264,11264,4,0.041983,68082.516273,0,1,2
PARALiA,11264,11264,11264,4,0.041986,68077.490364,0,1,2
PARALiA,11264,11264,11264,4,0.041785,68404.944728,0,1,2
PARALiA,11264,11264,11264,4,0.041765,68437.746300,0,1,2
PARALiA,11264,11264,11264,4,0.041804,68374.124309,0,1,2
PARALiA,11264,11264,11264,4,0.041821,68346.058994,0,1,2
PARALiA,11264,11264,11264,4,0.041779,68414.703814,0,1,2
PARALiA,11264,11264,11264,4,0.041968,68106.883120,0,1,2
PARALiA,11264,11264,11264,4,0.041966,68109.978571,0,1,2
PARALiA,11264,11264,11264,4,0.041939,68153.731890,0,1,2
PARALiA,11264,11264,11264,4,0.041963,68114.622275,0,1,2
PARALiA,11264,11264,11264,4,0.041983,68082.129639,0,1,2
PARALiA,12288,12288,12288,4,0.064885,57191.088350,0,1,2
PARALiA,12288,12288,12288,4,0.064870,57204.540922,0,1,2
PARALiA,12288,12288,12288,4,0.062982,58919.165647,0,1,2
PARALiA,12288,12288,12288,4,0.051741,71719.912782,0,1,2
PARALiA,12288,12288,12288,4,0.052330,70912.488665,0,1,2
PARALiA,12288,12288,12288,4,0.052773,70317.242291,0,1,2
PARALiA,12288,12288,12288,4,0.052749,70349.024670,0,1,2
PARALiA,12288,12288,12288,4,0.052767,70325.185193,0,1,2
PARALiA,12288,12288,12288,4,0.052762,70331.858618,0,1,2
PARALiA,12288,12288,12288,4,0.052645,70488.251440,0,1,2
PARALiA,12288,12288,12288,4,0.052795,70288.027855,0,1,2
PARALiA,12288,12288,12288,4,0.052762,70331.858618,0,1,2
PARALiA,12288,12288,12288,4,0.052766,70326.456224,0,1,2
PARALiA,12288,12288,12288,4,0.052772,70318.513035,0,1,2
PARALiA,12288,12288,12288,4,0.052996,70021.145717,0,1,2
PARALiA,12288,12288,12288,4,0.052784,70302.632038,0,1,2
PARALiA,12288,12288,12288,4,0.052789,70295.964158,0,1,2
PARALiA,12288,12288,12288,4,0.052811,70266.767397,0,1,2
PARALiA,12288,12288,12288,4,0.053141,69830.455124,0,1,2
PARALiA,12288,12288,12288,4,0.053118,69860.544596,0,1,2
PARALiA,12288,12288,12288,4,0.053324,69590.669249,0,1,2
PARALiA,12288,12288,12288,4,0.053608,69222.053619,0,1,2
PARALiA,12288,12288,12288,4,0.053564,69279.054905,0,1,2
PARALiA,12288,12288,12288,4,0.053325,69589.424675,0,1,2
PARALiA,12288,12288,12288,4,0.053331,69581.336028,0,1,2
PARALiA,12288,12288,12288,4,0.052873,70184.385779,0,1,2
PARALiA,12288,12288,12288,4,0.053415,69472.012963,0,1,2
PARALiA,12288,12288,12288,4,0.052920,70121.778459,0,1,2
PARALiA,12288,12288,12288,4,0.052822,70252.178109,0,1,2
PARALiA,12288,12288,12288,4,0.053158,69807.905025,0,1,2
PARALiA,12288,12288,12288,4,0.052864,70196.414114,0,1,2
PARALiA,12288,12288,12288,4,0.053344,69564.542539,0,1,2
PARALiA,12288,12288,12288,4,0.053332,69580.091788,0,1,2
PARALiA,12288,12288,12288,4,0.052913,70130.941236,0,1,2
PARALiA,12288,12288,12288,4,0.053317,69599.693742,0,1,2
PARALiA,12288,12288,12288,4,0.053141,69830.455124,0,1,2
PARALiA,12288,12288,12288,4,0.053346,69562.055304,0,1,2
PARALiA,12288,12288,12288,4,0.053321,69594.403238,0,1,2
PARALiA,12288,12288,12288,4,0.053124,69852.706299,0,1,2
PARALiA,12288,12288,12288,4,0.053337,69573.560257,0,1,2
PARALiA,12288,12288,12288,4,0.053344,69564.542539,0,1,2
PARALiA,12288,12288,12288,4,0.053186,69771.292159,0,1,2
PARALiA,12288,12288,12288,4,0.053324,69590.669249,0,1,2
PARALiA,12288,12288,12288,4,0.053144,69826.382501,0,1,2
PARALiA,12288,12288,12288,4,0.053376,69522.904800,0,1,2
PARALiA,12288,12288,12288,4,0.053320,69595.959185,0,1,2
PARALiA,12288,12288,12288,4,0.052998,70018.625724,0,1,2
PARALiA,12288,12288,12288,4,0.052830,70241.081622,0,1,2
PARALiA,12288,12288,12288,4,0.053121,69856.468462,0,1,2
PARALiA,13312,13312,13312,4,0.083516,56492.506980,0,1,2
PARALiA,13312,13312,13312,4,0.080908,58313.369154,0,1,2
PARALiA,13312,13312,13312,4,0.066952,70468.727900,0,1,2
PARALiA,13312,13312,13312,4,0.067403,69997.123412,0,1,2
PARALiA,13312,13312,13312,4,0.067816,69570.901391,0,1,2
PARALiA,13312,13312,13312,4,0.067994,69388.672604,0,1,2
PARALiA,13312,13312,13312,4,0.067624,69768.599653,0,1,2
PARALiA,13312,13312,13312,4,0.067797,69590.473949,0,1,2
PARALiA,13312,13312,13312,4,0.068102,69278.628638,0,1,2
PARALiA,13312,13312,13312,4,0.067892,69492.965173,0,1,2
PARALiA,13312,13312,13312,4,0.067881,69504.436969,0,1,2
PARALiA,13312,13312,13312,4,0.068100,69280.811543,0,1,2
PARALiA,13312,13312,13312,4,0.068098,69282.752019,0,1,2
PARALiA,13312,13312,13312,4,0.068128,69252.444497,0,1,2
PARALiA,13312,13312,13312,4,0.068511,68865.159463,0,1,2
PARALiA,13312,13312,13312,4,0.069380,68002.573059,0,1,2
PARALiA,13312,13312,13312,4,0.069074,68303.718660,0,1,2
PARALiA,13312,13312,13312,4,0.068407,68970.046468,0,1,2
PARALiA,13312,13312,13312,4,0.068501,68875.226277,0,1,2
PARALiA,13312,13312,13312,4,0.068495,68881.219826,0,1,2
PARALiA,13312,13312,13312,4,0.068301,69076.941313,0,1,2
PARALiA,13312,13312,13312,4,0.068473,68903.524989,0,1,2
PARALiA,13312,13312,13312,4,0.068503,68873.068855,0,1,2
PARALiA,13312,13312,13312,4,0.068312,69065.851238,0,1,2
PARALiA,13312,13312,13312,4,0.068516,68860.127159,0,1,2
PARALiA,13312,13312,13312,4,0.068266,69112.163849,0,1,2
PARALiA,13312,13312,13312,4,0.068546,68829.948775,0,1,2
PARALiA,13312,13312,13312,4,0.068465,68911.443197,0,1,2
PARALiA,13312,13312,13312,4,0.068285,69093.100621,0,1,2
PARALiA,13312,13312,13312,4,0.068491,68885.296035,0,1,2
PARALiA,13312,13312,13312,4,0.068746,68629.909595,0,1,2
PARALiA,13312,13312,13312,4,0.068474,68902.325419,0,1,2
PARALiA,13312,13312,13312,4,0.068499,68877.383835,0,1,2
PARALiA,13312,13312,13312,4,0.068310,69067.779691,0,1,2
PARALiA,13312,13312,13312,4,0.068470,68906.404127,0,1,2
PARALiA,13312,13312,13312,4,0.068515,68861.085637,0,1,2
PARALiA,13312,13312,13312,4,0.068673,68702.820014,0,1,2
PARALiA,13312,13312,13312,4,0.068879,68497.115828,0,1,2
PARALiA,13312,13312,13312,4,0.068262,69116.508841,0,1,2
PARALiA,13312,13312,13312,4,0.068492,68884.336884,0,1,2
PARALiA,13312,13312,13312,4,0.068518,68857.970683,0,1,2
PARALiA,13312,13312,13312,4,0.068267,69111.198369,0,1,2
PARALiA,13312,13312,13312,4,0.068564,68811.998006,0,1,2
PARALiA,13312,13312,13312,4,0.068489,68887.214418,0,1,2
PARALiA,13312,13312,13312,4,0.068509,68867.316390,0,1,2
PARALiA,13312,13312,13312,4,0.068512,68864.200872,0,1,2
PARALiA,13312,13312,13312,4,0.068563,68812.955144,0,1,2
PARALiA,13312,13312,13312,4,0.068484,68892.250682,0,1,2
PARALiA,13312,13312,13312,4,0.068636,68739.810903,0,1,2
PARALiA,14336,14336,14336,4,0.098356,59911.897791,0,1,2
PARALiA,14336,14336,14336,4,0.088037,66934.291179,0,1,2
PARALiA,14336,14336,14336,4,0.088891,66291.223903,0,1,2
PARALiA,14336,14336,14336,4,0.088664,66461.104044,0,1,2
PARALiA,14336,14336,14336,4,0.088889,66292.646354,0,1,2
PARALiA,14336,14336,14336,4,0.088677,66451.097505,0,1,2
PARALiA,14336,14336,14336,4,0.088672,66454.849604,0,1,2
PARALiA,14336,14336,14336,4,0.088882,66297.981092,0,1,2
PARALiA,14336,14336,14336,4,0.088565,66535.353664,0,1,2
PARALiA,14336,14336,14336,4,0.089069,66158.848004,0,1,2
PARALiA,14336,14336,14336,4,0.088900,66284.468091,0,1,2
PARALiA,14336,14336,14336,4,0.088722,66417.526154,0,1,2
PARALiA,14336,14336,14336,4,0.088896,66287.490258,0,1,2
PARALiA,14336,14336,14336,4,0.089292,65993.502996,0,1,2
PARALiA,14336,14336,14336,4,0.088976,66227.986546,0,1,2
PARALiA,14336,14336,14336,4,0.090000,65474.279328,0,1,2
PARALiA,14336,14336,14336,4,0.088652,66470.041000,0,1,2
PARALiA,14336,14336,14336,4,0.088926,66265.097216,0,1,2
PARALiA,14336,14336,14336,4,0.088721,66418.418570,0,1,2
PARALiA,14336,14336,14336,4,0.088950,66247.158160,0,1,2
PARALiA,14336,14336,14336,4,0.089870,65569.118737,0,1,2
PARALiA,14336,14336,14336,4,0.088599,66509.750129,0,1,2
PARALiA,14336,14336,14336,4,0.089130,66113.366329,0,1,2
PARALiA,14336,14336,14336,4,0.088753,66394.331752,0,1,2
PARALiA,14336,14336,14336,4,0.088905,66280.735207,0,1,2
PARALiA,14336,14336,14336,4,0.089211,66053.468550,0,1,2
PARALiA,14336,14336,14336,4,0.089649,65730.768068,0,1,2
PARALiA,14336,14336,14336,4,0.089908,65541.472324,0,1,2
PARALiA,14336,14336,14336,4,0.088995,66213.792503,0,1,2
PARALiA,14336,14336,14336,4,0.089905,65543.558033,0,1,2
PARALiA,14336,14336,14336,4,0.089023,66193.044667,0,1,2
PARALiA,14336,14336,14336,4,0.088721,66418.240085,0,1,2
PARALiA,14336,14336,14336,4,0.089001,66209.358112,0,1,2
PARALiA,14336,14336,14336,4,0.088696,66436.986261,0,1,2
PARALiA,14336,14336,14336,4,0.089924,65529.829559,0,1,2
PARALiA,14336,14336,14336,4,0.088974,66229.406285,0,1,2
PARALiA,14336,14336,14336,4,0.088721,66418.240085,0,1,2
PARALiA,14336,14336,14336,4,0.089886,65557.292260,0,1,2
PARALiA,14336,14336,14336,4,0.088823,66342.114495,0,1,2
PARALiA,14336,14336,14336,4,0.089863,65574.163680,0,1,2
PARALiA,14336,14336,14336,4,0.089161,66090.560569,0,1,2
PARALiA,14336,14336,14336,4,0.089449,65877.760718,0,1,2
PARALiA,14336,14336,14336,4,0.089743,65661.965455,0,1,2
PARALiA,14336,14336,14336,4,0.088655,66467.717160,0,1,2
PARALiA,14336,14336,14336,4,0.090022,65458.326063,0,1,2
PARALiA,14336,14336,14336,4,0.088851,66321.108212,0,1,2
PARALiA,14336,14336,14336,4,0.089666,65718.358979,0,1,2
PARALiA,14336,14336,14336,4,0.089199,66062.296206,0,1,2
PARALiA,14336,14336,14336,4,0.089442,65882.853268,0,1,2
PARALiA,15360,15360,15360,4,0.120494,60150.295089,0,1,2
PARALiA,15360,15360,15360,4,0.115910,62529.280392,0,1,2
PARALiA,15360,15360,15360,4,0.107283,67557.297212,0,1,2
PARALiA,15360,15360,15360,4,0.107929,67153.016289,0,1,2
PARALiA,15360,15360,15360,4,0.107687,67303.922946,0,1,2
PARALiA,15360,15360,15360,4,0.108507,66795.200928,0,1,2
PARALiA,15360,15360,15360,4,0.108657,66703.158566,0,1,2
PARALiA,15360,15360,15360,4,0.108623,66723.948491,0,1,2
PARALiA,15360,15360,15360,4,0.108733,66656.501647,0,1,2
PARALiA,15360,15360,15360,4,0.109424,66235.611364,0,1,2
PARALiA,15360,15360,15360,4,0.109845,65981.723258,0,1,2
PARALiA,15360,15360,15360,4,0.108978,66506.589522,0,1,2
PARALiA,15360,15360,15360,4,0.108402,66859.987738,0,1,2
PARALiA,15360,15360,15360,4,0.108772,66632.686466,0,1,2
PARALiA,15360,15360,15360,4,0.108862,66577.378247,0,1,2
PARALiA,15360,15360,15360,4,0.108456,66826.623737,0,1,2
PARALiA,15360,15360,15360,4,0.108649,66708.135256,0,1,2
PARALiA,15360,15360,15360,4,0.108806,66611.661440,0,1,2
PARALiA,15360,15360,15360,4,0.108428,66843.962982,0,1,2
PARALiA,15360,15360,15360,4,0.109108,66427.240791,0,1,2
PARALiA,15360,15360,15360,4,0.109114,66423.612140,0,1,2
PARALiA,15360,15360,15360,4,0.109019,66481.572773,0,1,2
PARALiA,15360,15360,15360,4,0.108922,66540.799832,0,1,2
PARALiA,15360,15360,15360,4,0.108452,66829.268125,0,1,2
PARALiA,15360,15360,15360,4,0.109806,66005.075310,0,1,2
PARALiA,15360,15360,15360,4,0.108680,66688.964443,0,1,2
PARALiA,15360,15360,15360,4,0.108289,66929.762823,0,1,2
PARALiA,15360,15360,15360,4,0.108636,66716.040936,0,1,2
PARALiA,15360,15360,15360,4,0.108553,66767.033641,0,1,2
PARALiA,15360,15360,15360,4,0.109478,66202.867445,0,1,2
PARALiA,15360,15360,15360,4,0.109094,66435.951170,0,1,2
PARALiA,15360,15360,15360,4,0.109106,66428.547202,0,1,2
PARALiA,15360,15360,15360,4,0.109060,66456.720121,0,1,2
PARALiA,15360,15360,15360,4,0.109064,66454.105133,0,1,2
PARALiA,15360,15360,15360,4,0.109148,66403.008923,0,1,2
PARALiA,15360,15360,15360,4,0.108997,66495.096934,0,1,2
PARALiA,15360,15360,15360,4,0.108445,66833.528968,0,1,2
PARALiA,15360,15360,15360,4,0.109810,66002.639048,0,1,2
PARALiA,15360,15360,15360,4,0.108641,66712.966282,0,1,2
PARALiA,15360,15360,15360,4,0.109159,66396.337381,0,1,2
PARALiA,15360,15360,15360,4,0.108782,66626.406770,0,1,2
PARALiA,15360,15360,15360,4,0.108766,66636.191927,0,1,2
PARALiA,15360,15360,15360,4,0.109802,66007.511752,0,1,2
PARALiA,15360,15360,15360,4,0.108811,66608.742347,0,1,2
PARALiA,15360,15360,15360,4,0.108593,66742.406745,0,1,2
PARALiA,15360,15360,15360,4,0.109125,66417.081568,0,1,2
PARALiA,15360,15360,15360,4,0.109094,66435.951170,0,1,2
PARALiA,15360,15360,15360,4,0.109071,66449.892530,0,1,2
PARALiA,15360,15360,15360,4,0.108928,66537.158764,0,1,2
PARALiA,16384,16384,16384,4,0.122734,71667.899833,0,1,2
PARALiA,16384,16384,16384,4,0.123816,71041.643041,0,1,2
PARALiA,16384,16384,16384,4,0.123814,71042.874235,0,1,2
PARALiA,16384,16384,16384,4,0.123830,71033.572941,0,1,2
PARALiA,16384,16384,16384,4,0.123823,71037.676152,0,1,2
PARALiA,16384,16384,16384,4,0.123834,71031.384755,0,1,2
PARALiA,16384,16384,16384,4,0.124608,70590.092199,0,1,2
PARALiA,16384,16384,16384,4,0.125297,70202.038973,0,1,2
PARALiA,16384,16384,16384,4,0.124841,70458.381439,0,1,2
PARALiA,16384,16384,16384,4,0.124975,70382.839862,0,1,2
PARALiA,16384,16384,16384,4,0.125137,70291.653531,0,1,2
PARALiA,16384,16384,16384,4,0.125117,70303.038899,0,1,2
PARALiA,16384,16384,16384,4,0.124891,70430.135191,0,1,2
PARALiA,16384,16384,16384,4,0.124720,70526.669421,0,1,2
PARALiA,16384,16384,16384,4,0.124594,70597.926748,0,1,2
PARALiA,16384,16384,16384,4,0.124990,70374.381774,0,1,2
PARALiA,16384,16384,16384,4,0.125121,70300.627572,0,1,2
PARALiA,16384,16384,16384,4,0.125104,70310.139878,0,1,2
PARALiA,16384,16384,16384,4,0.124829,70465.244661,0,1,2
PARALiA,16384,16384,16384,4,0.124979,70380.557321,0,1,2
PARALiA,16384,16384,16384,4,0.124789,70487.727712,0,1,2
PARALiA,16384,16384,16384,4,0.125590,70038.116093,0,1,2
PARALiA,16384,16384,16384,4,0.125098,70313.623901,0,1,2
PARALiA,16384,16384,16384,4,0.125146,70286.564795,0,1,2
PARALiA,16384,16384,16384,4,0.124929,70408.763807,0,1,2
PARALiA,16384,16384,16384,4,0.124764,70501.871109,0,1,2
PARALiA,16384,16384,16384,4,0.124790,70487.054358,0,1,2
PARALiA,16384,16384,16384,4,0.125710,69971.301293,0,1,2
PARALiA,16384,16384,16384,4,0.125108,70307.996035,0,1,2
PARALiA,16384,16384,16384,4,0.125132,70294.466044,0,1,2
PARALiA,16384,16384,16384,4,0.124926,70410.376289,0,1,2
PARALiA,16384,16384,16384,4,0.124597,70596.440752,0,1,2
PARALiA,16384,16384,16384,4,0.124832,70463.360506,0,1,2
PARALiA,16384,16384,16384,4,0.125127,70297.278782,0,1,2
PARALiA,16384,16384,16384,4,0.125200,70256.315420,0,1,2
PARALiA,16384,16384,16384,4,0.125414,70136.511162,0,1,2
PARALiA,16384,16384,16384,4,0.124987,70376.126927,0,1,2
PARALiA,16384,16384,16384,4,0.124736,70517.637581,0,1,2
PARALiA,16384,16384,16384,4,0.124843,70457.304976,0,1,2
PARALiA,16384,16384,16384,4,0.125135,70292.724938,0,1,2
PARALiA,16384,16384,16384,4,0.125113,70305.182440,0,1,2
PARALiA,16384,16384,16384,4,0.124917,70415.482970,0,1,2
PARALiA,16384,16384,16384,4,0.125946,69840.168682,0,1,2
PARALiA,16384,16384,16384,4,0.124846,70455.421246,0,1,2
PARALiA,16384,16384,16384,4,0.124919,70414.407818,0,1,2
PARALiA,16384,16384,16384,4,0.126044,69785.873049,0,1,2
PARALiA,16384,16384,16384,4,0.125235,70236.787627,0,1,2
PARALiA,16384,16384,16384,4,0.124884,70434.168983,0,1,2
PARALiA,16384,16384,16384,4,0.124655,70563.494729,0,1,2
PARALiA,20480,20480,20480,4,0.237170,72436.946326,0,1,2
PARALiA,20480,20480,20480,4,0.239193,71824.308683,0,1,2
PARALiA,20480,20480,20480,4,0.240505,71432.488333,0,1,2
PARALiA,20480,20480,20480,4,0.240499,71434.258697,0,1,2
PARALiA,20480,20480,20480,4,0.240692,71377.014207,0,1,2
PARALiA,20480,20480,20480,4,0.240173,71531.195967,0,1,2
PARALiA,20480,20480,20480,4,0.240385,71468.124943,0,1,2
PARALiA,20480,20480,20480,4,0.241052,71270.412334,0,1,2
PARALiA,20480,20480,20480,4,0.240554,71417.903873,0,1,2
PARALiA,20480,20480,20480,4,0.241500,71138.203891,0,1,2
PARALiA,20480,20480,20480,4,0.241556,71121.703541,0,1,2
PARALiA,20480,20480,20480,4,0.241142,71243.776380,0,1,2
PARALiA,20480,20480,20480,4,0.240556,71417.337606,0,1,2
PARALiA,20480,20480,20480,4,0.240707,71372.489511,0,1,2
PARALiA,20480,20480,20480,4,0.242841,70745.338749,0,1,2
PARALiA,20480,20480,20480,4,0.240834,71334.900164,0,1,2
PARALiA,20480,20480,20480,4,0.241897,71021.461930,0,1,2
PARALiA,20480,20480,20480,4,0.241847,71036.094992,0,1,2
PARALiA,20480,20480,20480,4,0.241749,71064.888609,0,1,2
PARALiA,20480,20480,20480,4,0.241724,71072.248386,0,1,2
PARALiA,20480,20480,20480,4,0.241688,71082.835120,0,1,2
PARALiA,20480,20480,20480,4,0.241256,71210.122372,0,1,2
PARALiA,20480,20480,20480,4,0.241546,71124.651978,0,1,2
PARALiA,20480,20480,20480,4,0.241190,71229.620924,0,1,2
PARALiA,20480,20480,20480,4,0.241198,71227.227025,0,1,2
PARALiA,20480,20480,20480,4,0.241460,71149.934326,0,1,2
PARALiA,20480,20480,20480,4,0.242299,70903.567572,0,1,2
PARALiA,20480,20480,20480,4,0.241204,71225.466908,0,1,2
PARALiA,20480,20480,20480,4,0.241006,71283.949336,0,1,2
PARALiA,20480,20480,20480,4,0.241889,71023.772013,0,1,2
PARALiA,20480,20480,20480,4,0.241788,71053.396387,0,1,2
PARALiA,20480,20480,20480,4,0.241893,71022.651954,0,1,2
PARALiA,20480,20480,20480,4,0.241771,71058.441295,0,1,2
PARALiA,20480,20480,20480,4,0.241684,71084.027201,0,1,2
PARALiA,20480,20480,20480,4,0.241699,71079.609688,0,1,2
PARALiA,20480,20480,20480,4,0.241689,71082.554636,0,1,2
PARALiA,20480,20480,20480,4,0.241513,71134.341421,0,1,2
PARALiA,20480,20480,20480,4,0.241184,71231.381247,0,1,2
PARALiA,20480,20480,20480,4,0.241213,71222.791696,0,1,2
PARALiA,20480,20480,20480,4,0.241373,71175.586174,0,1,2
PARALiA,20480,20480,20480,4,0.241406,71165.885493,0,1,2
PARALiA,20480,20480,20480,4,0.242207,70930.508262,0,1,2
PARALiA,20480,20480,20480,4,0.240812,71341.468378,0,1,2
PARALiA,20480,20480,20480,4,0.242353,70887.803504,0,1,2
PARALiA,20480,20480,20480,4,0.241952,71005.295558,0,1,2
PARALiA,20480,20480,20480,4,0.241912,71016.982198,0,1,2
PARALiA,20480,20480,20480,4,0.241997,70992.073999,0,1,2
PARALiA,20480,20480,20480,4,0.241938,71009.423931,0,1,2
PARALiA,20480,20480,20480,4,0.241777,71056.689509,0,1,2
PARALiA,24576,24576,24576,4,0.412191,72021.958173,0,1,2
PARALiA,24576,24576,24576,4,0.413999,71707.439308,0,1,2
PARALiA,24576,24576,24576,4,0.414336,71649.135914,0,1,2
PARALiA,24576,24576,24576,4,0.414440,71631.164760,0,1,2
PARALiA,24576,24576,24576,4,0.414631,71598.172431,0,1,2
PARALiA,24576,24576,24576,4,0.415787,71399.094404,0,1,2
PARALiA,24576,24576,24576,4,0.415509,71446.863930,0,1,2
PARALiA,24576,24576,24576,4,0.416370,71299.133006,0,1,2
PARALiA,24576,24576,24576,4,0.415903,71379.161544,0,1,2
PARALiA,24576,24576,24576,4,0.415336,71476.639523,0,1,2
PARALiA,24576,24576,24576,4,0.416112,71343.334955,0,1,2
PARALiA,24576,24576,24576,4,0.455807,65130.232456,0,1,2
PARALiA,24576,24576,24576,4,0.427820,69390.903233,0,1,2
PARALiA,24576,24576,24576,4,0.426459,69612.378667,0,1,2
PARALiA,24576,24576,24576,4,0.415445,71457.852582,0,1,2
PARALiA,24576,24576,24576,4,0.415394,71466.670549,0,1,2
PARALiA,24576,24576,24576,4,0.416153,71336.304735,0,1,2
PARALiA,24576,24576,24576,4,0.416067,71351.020735,0,1,2
PARALiA,24576,24576,24576,4,0.416176,71332.381493,0,1,2
PARALiA,24576,24576,24576,4,0.416288,71313.180181,0,1,2
PARALiA,24576,24576,24576,4,0.415357,71472.988012,0,1,2
PARALiA,24576,24576,24576,4,0.417005,71190.536154,0,1,2
PARALiA,24576,24576,24576,4,0.419870,70704.751901,0,1,2
PARALiA,24576,24576,24576,4,0.416333,71305.461717,0,1,2
PARALiA,24576,24576,24576,4,0.416138,71338.879596,0,1,2
PARALiA,24576,24576,24576,4,0.416006,71361.530040,0,1,2
PARALiA,24576,24576,24576,4,0.416145,71337.653449,0,1,2
PARALiA,24576,24576,24576,4,0.416196,71328.949010,0,1,2
PARALiA,24576,24576,24576,4,0.416248,71320.001591,0,1,2
PARALiA,24576,24576,24576,4,0.416255,71318.816941,0,1,2
PARALiA,24576,24576,24576,4,0.416230,71323.106377,0,1,2
PARALiA,24576,24576,24576,4,0.416127,71340.759772,0,1,2
PARALiA,24576,24576,24576,4,0.416352,71302.235976,0,1,2
PARALiA,24576,24576,24576,4,0.446499,66487.957834,0,1,2
PARALiA,24576,24576,24576,4,0.415049,71526.033091,0,1,2
PARALiA,24576,24576,24576,4,0.416988,71193.466854,0,1,2
PARALiA,24576,24576,24576,4,0.428103,69345.031504,0,1,2
PARALiA,24576,24576,24576,4,0.416072,71350.162135,0,1,2
PARALiA,24576,24576,24576,4,0.417152,71165.431570,0,1,2
PARALiA,24576,24576,24576,4,0.416042,71355.314046,0,1,2
PARALiA,24576,24576,24576,4,0.416282,71314.201267,0,1,2
PARALiA,24576,24576,24576,4,0.416204,71327.559766,0,1,2
PARALiA,24576,24576,24576,4,0.416162,71334.751733,0,1,2
PARALiA,24576,24576,24576,4,0.416233,71322.575276,0,1,2
PARALiA,24576,24576,24576,4,0.416281,71314.323800,0,1,2
PARALiA,24576,24576,24576,4,0.415354,71473.521356,0,1,2
PARALiA,24576,24576,24576,4,0.416086,71347.790871,0,1,2
PARALiA,24576,24576,24576,4,0.416225,71323.964326,0,1,2
PARALiA,24576,24576,24576,4,0.416054,71353.269548,0,1,2
PARALiA,28672,28672,28672,4,0.654964,71975.808116,0,1,2
PARALiA,28672,28672,28672,4,0.655027,71968.891854,0,1,2
PARALiA,28672,28672,28672,4,0.655673,71897.972155,0,1,2
PARALiA,28672,28672,28672,4,0.658313,71609.642321,0,1,2
PARALiA,28672,28672,28672,4,0.656892,71764.546754,0,1,2
PARALiA,28672,28672,28672,4,0.658117,71630.992841,0,1,2
PARALiA,28672,28672,28672,4,0.657009,71751.760005,0,1,2
PARALiA,28672,28672,28672,4,0.657237,71726.876675,0,1,2
PARALiA,28672,28672,28672,4,0.659073,71527.058245,0,1,2
PARALiA,28672,28672,28672,4,0.658344,71606.296917,0,1,2
PARALiA,28672,28672,28672,4,0.662703,71135.272347,0,1,2
PARALiA,28672,28672,28672,4,0.657549,71692.859229,0,1,2
PARALiA,28672,28672,28672,4,0.657320,71717.823011,0,1,2
PARALiA,28672,28672,28672,4,0.657591,71688.284421,0,1,2
PARALiA,28672,28672,28672,4,0.658529,71586.153303,0,1,2
PARALiA,28672,28672,28672,4,0.672683,70079.905396,0,1,2
PARALiA,28672,28672,28672,4,0.657502,71697.980588,0,1,2
PARALiA,28672,28672,28672,4,0.657560,71691.637490,0,1,2
PARALiA,28672,28672,28672,4,0.657482,71700.138537,0,1,2
PARALiA,28672,28672,28672,4,0.657279,71722.297525,0,1,2
PARALiA,28672,28672,28672,4,0.657559,71691.741467,0,1,2
PARALiA,28672,28672,28672,4,0.657606,71686.646990,0,1,2
PARALiA,28672,28672,28672,4,0.658999,71535.106210,0,1,2
PARALiA,28672,28672,28672,4,0.657627,71684.333920,0,1,2
PARALiA,28672,28672,28672,4,0.657308,71719.149698,0,1,2
PARALiA,28672,28672,28672,4,0.658161,71626.192405,0,1,2
PARALiA,28672,28672,28672,4,0.657278,71722.401590,0,1,2
PARALiA,28672,28672,28672,4,0.659508,71479.893745,0,1,2
PARALiA,28672,28672,28672,4,0.656894,71764.338380,0,1,2
PARALiA,28672,28672,28672,4,0.657350,71714.571534,0,1,2
PARALiA,28672,28672,28672,4,0.659145,71519.244911,0,1,2
PARALiA,28672,28672,28672,4,0.673178,70028.378846,0,1,2
PARALiA,28672,28672,28672,4,0.656820,71772.413780,0,1,2
PARALiA,28672,28672,28672,4,0.658122,71630.421944,0,1,2
PARALiA,28672,28672,28672,4,0.656872,71766.734760,0,1,2
PARALiA,28672,28672,28672,4,0.657469,71701.568574,0,1,2
PARALiA,28672,28672,28672,4,0.657169,71734.293017,0,1,2
PARALiA,28672,28672,28672,4,0.657617,71685.451452,0,1,2
PARALiA,28672,28672,28672,4,0.657479,71700.476541,0,1,2
PARALiA,28672,28672,28672,4,0.657307,71719.253754,0,1,2
PARALiA,28672,28672,28672,4,0.658485,71590.948374,0,1,2
PARALiA,28672,28672,28672,4,0.658584,71580.192760,0,1,2
PARALiA,28672,28672,28672,4,0.657520,71696.004749,0,1,2
PARALiA,28672,28672,28672,4,0.657151,71736.270967,0,1,2
PARALiA,28672,28672,28672,4,0.657561,71691.559509,0,1,2
PARALiA,28672,28672,28672,4,0.657099,71741.945166,0,1,2
PARALiA,28672,28672,28672,4,0.657597,71687.608647,0,1,2
PARALiA,28672,28672,28672,4,0.657964,71647.604720,0,1,2
PARALiA,28672,28672,28672,4,0.657704,71675.940551,0,1,2
PARALiA,32768,32768,32768,4,0.973610,72276.098659,0,1,2
PARALiA,32768,32768,32768,4,0.976923,72031.004468,0,1,2
PARALiA,32768,32768,32768,4,0.979510,71840.773812,0,1,2
PARALiA,32768,32768,32768,4,0.976802,72039.918228,0,1,2
PARALiA,32768,32768,32768,4,0.978077,71946.021497,0,1,2
PARALiA,32768,32768,32768,4,0.995624,70678.026600,0,1,2
PARALiA,32768,32768,32768,4,0.977199,72010.653500,0,1,2
PARALiA,32768,32768,32768,4,0.977902,71958.896508,0,1,2
PARALiA,32768,32768,32768,4,0.977548,71984.941268,0,1,2
PARALiA,32768,32768,32768,4,0.978811,71892.063264,0,1,2
PARALiA,32768,32768,32768,4,0.996769,70596.846017,0,1,2
PARALiA,32768,32768,32768,4,0.978073,71946.319640,0,1,2
PARALiA,32768,32768,32768,4,0.978015,71950.581601,0,1,2
PARALiA,32768,32768,32768,4,0.979393,71849.343207,0,1,2
PARALiA,32768,32768,32768,4,0.978036,71949.038116,0,1,2
PARALiA,32768,32768,32768,4,0.977502,71988.329876,0,1,2
PARALiA,32768,32768,32768,4,0.978447,71918.813203,0,1,2
PARALiA,32768,32768,32768,4,0.978082,71945.635668,0,1,2
PARALiA,32768,32768,32768,4,0.977726,71971.828780,0,1,2
PARALiA,32768,32768,32768,4,0.978473,71916.885561,0,1,2
PARALiA,32768,32768,32768,4,0.978565,71910.139628,0,1,2
PARALiA,32768,32768,32768,4,0.977861,71961.896662,0,1,2
PARALiA,32768,32768,32768,4,0.978677,71901.906048,0,1,2
PARALiA,32768,32768,32768,4,0.978782,71894.199725,0,1,2
PARALiA,32768,32768,32768,4,0.978269,71931.888847,0,1,2
PARALiA,32768,32768,32768,4,0.978593,71908.089816,0,1,2
PARALiA,32768,32768,32768,4,0.979745,71823.518805,0,1,2
PARALiA,32768,32768,32768,4,0.977856,71962.282665,0,1,2
PARALiA,32768,32768,32768,4,0.979078,71872.455786,0,1,2
PARALiA,32768,32768,32768,4,0.978591,71908.229970,0,1,2
PARALiA,32768,32768,32768,4,0.989669,71103.306425,0,1,2
PARALiA,32768,32768,32768,4,0.994260,70774.987460,0,1,2
PARALiA,32768,32768,32768,4,0.978500,71914.922977,0,1,2
PARALiA,32768,32768,32768,4,0.978261,71932.484902,0,1,2
PARALiA,32768,32768,32768,4,0.980564,71763.549202,0,1,2
PARALiA,32768,32768,32768,4,0.978532,71912.557505,0,1,2
PARALiA,32768,32768,32768,4,0.979816,71818.328192,0,1,2
PARALiA,32768,32768,32768,4,0.979274,71858.072101,0,1,2
PARALiA,32768,32768,32768,4,0.978339,71926.752672,0,1,2
PARALiA,32768,32768,32768,4,0.979270,71858.369515,0,1,2
PARALiA,32768,32768,32768,4,0.978266,71932.116749,0,1,2
PARALiA,32768,32768,32768,4,0.979720,71825.354050,0,1,2
PARALiA,32768,32768,32768,4,0.994545,70754.712343,0,1,2
PARALiA,32768,32768,32768,4,0.978293,71930.135804,0,1,2
PARALiA,32768,32768,32768,4,0.978593,71908.089816,0,1,2
PARALiA,32768,32768,32768,4,0.978563,71910.297311,0,1,2
PARALiA,32768,32768,32768,4,0.978985,71879.282176,0,1,2
PARALiA,32768,32768,32768,4,0.978964,71880.840175,0,1,2
PARALiA,32768,32768,32768,4,0.978745,71896.914264,0,1,2
PARALiA,36864,36864,36864,4,1.386749,72250.273823,0,1,2
PARALiA,36864,36864,36864,4,1.387403,72216.217107,0,1,2
PARALiA,36864,36864,36864,4,1.389334,72115.848112,0,1,2
PARALiA,36864,36864,36864,4,1.389009,72132.719919,0,1,2
PARALiA,36864,36864,36864,4,1.388211,72174.184056,0,1,2
PARALiA,36864,36864,36864,4,1.389865,72088.298313,0,1,2
PARALiA,36864,36864,36864,4,1.393192,71916.154003,0,1,2
PARALiA,36864,36864,36864,4,1.402404,71443.743805,0,1,2
PARALiA,36864,36864,36864,4,1.388691,72149.240398,0,1,2
PARALiA,36864,36864,36864,4,1.391312,72013.314246,0,1,2
PARALiA,36864,36864,36864,4,1.388914,72137.660409,0,1,2
PARALiA,36864,36864,36864,4,1.390257,72067.961840,0,1,2
PARALiA,36864,36864,36864,4,1.389587,72102.720054,0,1,2
PARALiA,36864,36864,36864,4,1.389143,72125.762282,0,1,2
PARALiA,36864,36864,36864,4,1.389760,72093.739802,0,1,2
PARALiA,36864,36864,36864,4,1.402354,71446.294544,0,1,2
PARALiA,36864,36864,36864,4,1.389221,72121.714595,0,1,2
PARALiA,36864,36864,36864,4,1.390819,72038.843187,0,1,2
PARALiA,36864,36864,36864,4,1.390790,72040.349812,0,1,2
PARALiA,36864,36864,36864,4,1.390353,72062.993820,0,1,2
PARALiA,36864,36864,36864,4,1.391132,72022.632434,0,1,2
PARALiA,36864,36864,36864,4,1.394028,71873.018900,0,1,2
PARALiA,36864,36864,36864,4,1.389522,72106.085133,0,1,2
PARALiA,36864,36864,36864,4,1.416064,70754.579069,0,1,2
PARALiA,36864,36864,36864,4,1.390765,72041.646547,0,1,2
PARALiA,36864,36864,36864,4,1.391253,72016.374789,0,1,2
PARALiA,36864,36864,36864,4,1.389829,72090.165641,0,1,2
PARALiA,36864,36864,36864,4,1.390877,72035.842474,0,1,2
PARALiA,36864,36864,36864,4,1.391515,72002.814119,0,1,2
PARALiA,36864,36864,36864,4,1.394776,71834.466233,0,1,2
PARALiA,36864,36864,36864,4,1.391132,72022.632434,0,1,2
PARALiA,36864,36864,36864,4,1.403135,71406.535886,0,1,2
PARALiA,36864,36864,36864,4,1.391745,71990.923431,0,1,2
PARALiA,36864,36864,36864,4,1.403800,71372.700042,0,1,2
PARALiA,36864,36864,36864,4,1.390274,72067.084354,0,1,2
PARALiA,36864,36864,36864,4,1.390742,72042.832175,0,1,2
PARALiA,36864,36864,36864,4,1.390745,72042.683969,0,1,2
PARALiA,36864,36864,36864,4,1.389962,72083.265667,0,1,2
PARALiA,36864,36864,36864,4,1.390677,72046.204017,0,1,2
PARALiA,36864,36864,36864,4,1.391122,72023.150868,0,1,2
PARALiA,36864,36864,36864,4,1.390925,72033.360593,0,1,2
PARALiA,36864,36864,36864,4,1.390597,72050.342057,0,1,2
PARALiA,36864,36864,36864,4,1.392843,71934.163795,0,1,2
PARALiA,36864,36864,36864,4,1.395584,71792.888537,0,1,2
PARALiA,36864,36864,36864,4,1.391358,72010.944972,0,1,2
PARALiA,36864,36864,36864,4,1.391922,71981.761400,0,1,2
PARALiA,36864,36864,36864,4,1.403209,71402.762632,0,1,2
PARALiA,36864,36864,36864,4,1.390374,72061.906385,0,1,2
PARALiA,36864,36864,36864,4,1.390149,72073.560952,0,1,2
PARALiA,40960,40960,40960,4,1.886808,72842.039062,0,1,2
PARALiA,40960,40960,40960,4,1.891032,72679.338524,0,1,2
PARALiA,40960,40960,40960,4,1.890000,72719.028138,0,1,2
PARALiA,40960,40960,40960,4,1.890923,72683.526396,0,1,2
PARALiA,40960,40960,40960,4,1.894505,72546.101348,0,1,2
PARALiA,40960,40960,40960,4,1.892604,72618.975024,0,1,2
PARALiA,40960,40960,40960,4,1.891584,72658.131661,0,1,2
PARALiA,40960,40960,40960,4,1.891840,72648.297344,0,1,2
PARALiA,40960,40960,40960,4,1.892426,72625.800142,0,1,2
PARALiA,40960,40960,40960,4,1.891557,72659.166525,0,1,2
PARALiA,40960,40960,40960,4,1.902473,72242.263324,0,1,2
PARALiA,40960,40960,40960,4,1.892828,72610.376837,0,1,2
PARALiA,40960,40960,40960,4,1.891829,72648.718498,0,1,2
PARALiA,40960,40960,40960,4,1.890920,72683.645533,0,1,2
PARALiA,40960,40960,40960,4,1.890873,72685.441799,0,1,2
PARALiA,40960,40960,40960,4,1.893251,72594.155590,0,1,2
PARALiA,40960,40960,40960,4,1.892518,72622.277635,0,1,2
PARALiA,40960,40960,40960,4,1.893148,72598.105080,0,1,2
PARALiA,40960,40960,40960,4,1.892729,72614.172594,0,1,2
PARALiA,40960,40960,40960,4,1.893798,72573.190268,0,1,2
PARALiA,40960,40960,40960,4,1.891385,72665.770202,0,1,2
PARALiA,40960,40960,40960,4,1.906852,72076.360920,0,1,2
PARALiA,40960,40960,40960,4,1.893263,72593.698501,0,1,2
PARALiA,40960,40960,40960,4,1.908132,72028.008533,0,1,2
PARALiA,40960,40960,40960,4,1.890760,72689.786195,0,1,2
PARALiA,40960,40960,40960,4,1.893912,72568.814120,0,1,2
PARALiA,40960,40960,40960,4,1.893252,72594.119023,0,1,2
PARALiA,40960,40960,40960,4,1.907737,72042.924297,0,1,2
PARALiA,40960,40960,40960,4,1.891533,72660.091517,0,1,2
PARALiA,40960,40960,40960,4,1.895882,72493.415390,0,1,2
PARALiA,40960,40960,40960,4,1.891039,72679.072789,0,1,2
PARALiA,40960,40960,40960,4,1.891575,72658.470507,0,1,2
PARALiA,40960,40960,40960,4,1.889309,72745.622132,0,1,2
PARALiA,40960,40960,40960,4,1.906621,72085.094501,0,1,2
PARALiA,40960,40960,40960,4,1.888001,72796.018652,0,1,2
PARALiA,40960,40960,40960,4,1.889056,72755.363445,0,1,2
PARALiA,40960,40960,40960,4,1.889653,72732.377764,0,1,2
PARALiA,40960,40960,40960,4,1.893952,72567.288531,0,1,2
PARALiA,40960,40960,40960,4,1.888156,72790.034663,0,1,2
PARALiA,40960,40960,40960,4,1.890708,72691.784425,0,1,2
PARALiA,40960,40960,40960,4,1.893348,72590.435053,0,1,2
PARALiA,40960,40960,40960,4,1.888891,72761.718281,0,1,2
PARALiA,40960,40960,40960,4,1.891050,72678.651283,0,1,2
PARALiA,40960,40960,40960,4,1.888982,72758.210128,0,1,2
PARALiA,40960,40960,40960,4,1.906395,72093.640858,0,1,2
PARALiA,40960,40960,40960,4,1.890481,72700.521096,0,1,2
PARALiA,40960,40960,40960,4,1.892419,72626.065487,0,1,2
PARALiA,40960,40960,40960,4,1.891116,72676.104021,0,1,2
PARALiA,40960,40960,40960,4,1.890914,72683.874644,0,1,2
PARALiA,45056,45056,45056,4,2.528161,72357.434330,0,1,2
PARALiA,45056,45056,45056,4,2.528754,72340.467823,0,1,2
PARALiA,45056,45056,45056,4,2.528572,72345.672222,0,1,2
PARALiA,45056,45056,45056,4,2.533206,72213.332860,0,1,2
PARALiA,45056,45056,45056,4,2.527164,72385.982210,0,1,2
PARALiA,45056,45056,45056,4,2.525816,72424.614341,0,1,2
PARALiA,45056,45056,45056,4,2.528039,72360.928222,0,1,2
PARALiA,45056,45056,45056,4,2.543219,71929.016193,0,1,2
PARALiA,45056,45056,45056,4,2.530602,72287.640901,0,1,2
PARALiA,45056,45056,45056,4,2.530777,72282.642325,0,1,2
PARALiA,45056,45056,45056,4,2.538619,72059.353564,0,1,2
PARALiA,45056,45056,45056,4,2.533116,72215.895241,0,1,2
PARALiA,45056,45056,45056,4,2.540607,72002.969696,0,1,2
PARALiA,45056,45056,45056,4,2.538199,72071.280000,0,1,2
PARALiA,45056,45056,45056,4,2.527073,72388.591006,0,1,2
PARALiA,45056,45056,45056,4,2.532986,72219.599801,0,1,2
PARALiA,45056,45056,45056,4,2.533958,72191.902978,0,1,2
PARALiA,45056,45056,45056,4,2.529254,72326.168107,0,1,2
PARALiA,45056,45056,45056,4,2.529082,72331.084062,0,1,2
PARALiA,45056,45056,45056,4,2.530711,72284.528627,0,1,2
PARALiA,45056,45056,45056,4,2.541706,71971.840212,0,1,2
PARALiA,45056,45056,45056,4,2.527698,72370.688340,0,1,2
PARALiA,45056,45056,45056,4,2.529852,72309.073151,0,1,2
PARALiA,45056,45056,45056,4,2.528121,72358.580726,0,1,2
PARALiA,45056,45056,45056,4,2.532819,72224.365307,0,1,2
PARALiA,45056,45056,45056,4,2.542227,71957.085235,0,1,2
PARALiA,45056,45056,45056,4,2.527650,72372.067254,0,1,2
PARALiA,45056,45056,45056,4,2.528703,72341.927434,0,1,2
PARALiA,45056,45056,45056,4,2.533821,72195.808873,0,1,2
PARALiA,45056,45056,45056,4,2.533089,72216.663311,0,1,2
PARALiA,45056,45056,45056,4,2.528648,72343.496242,0,1,2
PARALiA,45056,45056,45056,4,2.529983,72305.332151,0,1,2
PARALiA,45056,45056,45056,4,2.527861,72366.019536,0,1,2
PARALiA,45056,45056,45056,4,2.542286,71955.418425,0,1,2
PARALiA,45056,45056,45056,4,2.534866,72166.046430,0,1,2
PARALiA,45056,45056,45056,4,2.526114,72416.069906,0,1,2
PARALiA,45056,45056,45056,4,2.527438,72378.136467,0,1,2
PARALiA,45056,45056,45056,4,2.528107,72358.976514,0,1,2
PARALiA,45056,45056,45056,4,2.529440,72320.843811,0,1,2
PARALiA,45056,45056,45056,4,2.529187,72328.083954,0,1,2
PARALiA,45056,45056,45056,4,2.531178,72271.190428,0,1,2
PARALiA,45056,45056,45056,4,2.545448,71866.036764,0,1,2
PARALiA,45056,45056,45056,4,2.526964,72391.712248,0,1,2
PARALiA,45056,45056,45056,4,2.529298,72324.906839,0,1,2
PARALiA,45056,45056,45056,4,2.529272,72325.656777,0,1,2
PARALiA,45056,45056,45056,4,2.530237,72298.062500,0,1,2
PARALiA,45056,45056,45056,4,2.526060,72417.614591,0,1,2
PARALiA,45056,45056,45056,4,2.528421,72349.990464,0,1,2
PARALiA,45056,45056,45056,4,2.528691,72342.275294,0,1,2
